P001,Home,2025-03-14,751  
P001,Home,2025-02-28,898  
P001,Home,2025-01-25,899  
P001,Home,2025-01-19,899  
P001,Home,2024-09-29,866  
P001,Home,2024-09-28,866  
P001,Home,2024-09-22,866  
P001,Home,2024-08-03,866  
P001,Home,2024-03-11,866  
P001,Home,2024-03-01,848  
P001,Home,2024-02-21,866  
P001,Home,2024-01-03,866  
P001,Home,2023-12-17,866  
P001,Home,2023-12-13,866  
P001,Home,2023-12-09,866  
P001,Home,2023-12-02,866  
P002,Home,2025-03-28,299  
P002,Home,2025-03-27,299  
P002,Home,2025-03-26,299  
P002,Home,2025-03-25,299  
P002,Home,2025-03-24,299  
P002,Home,2025-03-23,299  
P002,Home,2025-03-22,299  
P002,Home,2025-03-21,299  
P002,Home,2025-03-20,299  
P002,Home,2025-03-19,299  
P002,Home,2025-03-18,299  
P002,Home,2025-03-17,299  
P002,Home,2025-03-15,290  
P002,Home,2025-03-14,290  
P002,Home,2025-03-13,347  
P002,Home,2025-03-12,347  
P002,Home,2025-03-11,317  
P002,Home,2025-03-10,317  
P002,Home,2025-03-09,317  
P002,Home,2025-03-08,317  
P002,Home,2025-03-07,348  
P002,Home,2025-03-06,318  
P002,Home,2025-03-05,318  
P002,Home,2025-03-04,318  
P002,Home,2025-03-03,318  
P002,Home,2025-03-02,318  
P002,Home,2025-03-01,343  
P002,Home,2025-02-28,479  
P002,Home,2025-02-27,373  
P002,Home,2025-02-26,343  
P002,Home,2025-02-25,343  
P002,Home,2025-02-24,299  
P002,Home,2025-02-23,299  
P002,Home,2025-02-22,299  
P002,Home,2025-02-21,329  
P002,Home,2025-02-20,299  
P002,Home,2025-02-16,299  
P002,Home,2025-02-14,299  
P002,Home,2025-02-13,299  
P002,Home,2025-02-12,299  
P002,Home,2025-02-11,299  
P002,Home,2025-02-10,299  
P002,Home,2025-02-09,299  
P002,Home,2025-02-08,268  
P002,Home,2025-02-07,268  
P002,Home,2025-02-06,268  
P002,Home,2025-02-05,268  
P002,Home,2025-02-04,268  
P002,Home,2025-02-03,298  
P002,Home,2025-02-02,496  
P002,Home,2025-01-31,268  
P002,Home,2025-01-29,298  
P002,Home,2025-01-26,268  
P002,Home,2025-01-25,268  
P002,Home,2025-01-23,268  
P002,Home,2025-01-16,440  
P002,Home,2025-01-04,440  
P002,Home,2025-01-01,440  
P002,Home,2024-12-28,418  
P002,Home,2024-12-27,299  
P002,Home,2024-12-26,269  
P002,Home,2024-12-25,269  
P002,Home,2024-12-24,269  
P002,Home,2024-12-23,269  
P002,Home,2024-12-22,269  
P002,Home,2024-12-21,269  
P002,Home,2024-12-20,269  
P002,Home,2024-12-10,418  
P002,Home,2024-12-02,299  
P002,Home,2024-12-01,299  
P002,Home,2024-11-29,299  
P003,Home,2025-03-27,209  
P003,Home,2025-03-25,209  
P003,Home,2025-03-24,209  
P003,Home,2025-03-23,209  
P003,Home,2025-03-21,209  
P003,Home,2025-03-18,209  
P003,Home,2025-03-17,209  
P003,Home,2025-03-11,209  
P003,Home,2025-03-08,209  
P003,Home,2025-03-06,209  
P003,Home,2025-03-05,233  
P003,Home,2025-03-04,209  
P003,Home,2025-03-03,209  
P003,Home,2025-02-26,207  
P003,Home,2025-02-22,207  
P003,Home,2025-02-21,207  
P003,Home,2025-02-18,207  
P003,Home,2025-02-15,207  
P003,Home,2025-02-13,206  
P003,Home,2025-02-11,206  
P003,Home,2025-02-10,206  
P003,Home,2025-02-08,206  
P003,Home,2025-02-05,206  
P003,Home,2025-02-02,218  
P003,Home,2025-02-01,218  
P003,Home,2025-01-29,241  
P003,Home,2025-01-27,218  
P003,Home,2025-01-26,218  
P003,Home,2025-01-24,241  
P003,Home,2025-01-22,241  
P003,Home,2025-01-21,218  
P003,Home,2025-01-20,218  
P003,Home,2025-01-19,241  
P003,Home,2025-01-18,218  
P003,Home,2025-01-17,218  
P003,Home,2025-01-16,241  
P003,Home,2025-01-15,218  
P003,Home,2025-01-14,241  
P003,Home,2025-01-13,218  
P003,Home,2025-01-12,218  
P003,Home,2025-01-09,218  
P003,Home,2025-01-07,218  
P003,Home,2025-01-06,241  
P003,Home,2025-01-05,241  
P003,Home,2025-01-03,218  
P003,Home,2025-01-02,241  
P003,Home,2025-01-01,241  
P003,Home,2024-12-30,241  
P003,Home,2024-12-28,241  
P003,Home,2024-12-27,241  
P003,Home,2024-12-26,241  
P003,Home,2024-12-24,241  
P003,Home,2024-12-20,241  
P003,Home,2024-12-19,241  
P003,Home,2024-12-17,241  
P003,Home,2024-12-16,241  
P003,Home,2024-12-13,241  
P003,Home,2024-12-10,241  
P003,Home,2024-12-09,241  
P003,Home,2024-12-08,241  
P003,Home,2024-12-07,241  
P003,Home,2024-12-05,241  
P003,Home,2024-12-03,241  
P003,Home,2024-12-01,241  
P003,Home,2024-11-29,241  
P003,Home,2024-11-27,241  
P003,Home,2024-11-24,241  
P003,Home,2024-11-23,241  
P003,Home,2024-11-20,241  
P003,Home,2024-11-18,241  
P003,Home,2024-11-16,241  
P003,Home,2024-11-14,241  
P003,Home,2024-11-12,241  
P003,Home,2024-11-11,241  
P003,Home,2024-11-10,241  
P003,Home,2024-11-08,241  
P003,Home,2024-11-07,241  
P003,Home,2024-11-06,241  
P003,Home,2024-11-05,241  
P003,Home,2024-11-03,241  
P003,Home,2024-11-02,241  
P003,Home,2024-11-01,241  
P003,Home,2024-10-30,241  
P003,Home,2024-10-28,241  
P003,Home,2024-10-24,241  
P003,Home,2024-10-22,241  
P003,Home,2024-10-14,241  
P003,Home,2024-10-12,241  
P003,Home,2024-10-11,241  
P003,Home,2024-10-10,241  
P003,Home,2024-10-09,241  
P003,Home,2024-10-04,241  
P003,Home,2024-10-03,241  
P003,Home,2024-10-02,241  
P004,Home,2025-03-28,493  
P004,Home,2025-03-27,493  
P004,Home,2025-03-26,493  
P004,Home,2025-03-25,493  
P004,Home,2025-03-24,493  
P004,Home,2025-03-23,493  
P004,Home,2025-03-22,493  
P004,Home,2025-03-21,493  
P004,Home,2025-03-20,493  
P004,Home,2025-03-19,493  
P004,Home,2025-03-18,493  
P004,Home,2025-03-17,493  
P005,Home,2025-03-28,1354  
P005,Home,2025-03-27,1354  
P005,Home,2025-03-26,1354  
P005,Home,2025-03-25,1396  
P005,Home,2025-03-24,1354  
P005,Home,2025-03-23,1322  
P005,Home,2025-03-22,1322  
P005,Home,2025-03-20,1322  
P005,Home,2025-03-19,1322  
P005,Home,2025-03-18,1322  
P005,Home,2025-03-17,1322  
P005,Home,2025-03-15,1322  
P005,Home,2025-03-14,1322  
P005,Home,2025-03-13,1322  
P005,Home,2025-03-12,1322  
P005,Home,2025-03-11,1322  
P005,Home,2025-03-09,1322  
P005,Home,2025-03-08,1363  
P005,Home,2025-03-07,1322  
P005,Home,2025-03-06,1322  
P005,Home,2025-03-05,1312  
P005,Home,2025-03-04,1353  
P005,Home,2025-03-03,1312  
P005,Home,2025-03-02,1353  
P005,Home,2025-03-01,1312  
P005,Home,2025-02-27,1471  
P005,Home,2025-02-26,1516  
P005,Home,2025-02-25,1516  
P005,Home,2025-02-24,1516  
P005,Home,2025-02-23,1516  
P005,Home,2025-02-22,1516  
P005,Home,2025-02-19,1516  
P005,Home,2025-02-18,1516  
P005,Home,2025-02-16,1516  
P005,Home,2025-02-09,1516  
P005,Home,2025-02-05,1516  
P005,Home,2025-01-28,1356  
P005,Home,2025-01-26,1596  
P005,Home,2025-01-23,1596  
P005,Home,2025-01-20,1596  
P005,Home,2025-01-17,1356  
P005,Home,2025-01-15,1680  
P005,Home,2025-01-14,1680  
P005,Home,2025-01-13,1680  
P005,Home,2025-01-09,1680  
P005,Home,2025-01-04,1680  
P005,Home,2025-01-02,1680  
P005,Home,2024-12-06,1680  
P005,Home,2024-12-05,1680  
P005,Home,2024-11-20,1680  
P005,Home,2024-09-28,1596  
P005,Home,2024-09-26,1596  
P005,Home,2024-09-15,1680  
P005,Home,2024-09-13,1680  
P006,Home,2025-03-28,233
P006,Home,2025-03-27,233
P006,Home,2025-03-26,233
P006,Home,2025-03-25,233
P006,Home,2025-03-23,233
P006,Home,2025-03-22,233
P006,Home,2025-03-21,233
P006,Home,2025-03-19,220
P006,Home,2025-03-18,220
P006,Home,2025-03-15,220
P006,Home,2025-03-13,220
P006,Home,2025-03-11,203
P006,Home,2025-03-10,203
P006,Home,2025-03-09,203
P006,Home,2025-03-08,187
P006,Home,2025-03-07,186
P006,Home,2025-03-05,222
P006,Home,2025-03-03,188
P006,Home,2025-03-02,188
P006,Home,2025-03-01,222
P006,Home,2025-02-28,239
P006,Home,2025-02-26,217
P006,Home,2025-02-25,239
P006,Home,2025-02-24,217
P006,Home,2025-02-23,217
P006,Home,2025-02-22,217
P006,Home,2025-02-21,217
P006,Home,2025-02-18,217
P006,Home,2025-02-17,217
P006,Home,2025-02-16,217
P006,Home,2025-02-15,217
P006,Home,2025-02-13,217
P006,Home,2025-02-12,214
P006,Home,2025-02-11,204
P006,Home,2025-02-09,194
P006,Home,2025-02-08,194
P006,Home,2025-02-06,209
P006,Home,2025-02-04,184
P006,Home,2025-02-03,184
P006,Home,2025-01-11,249
P007,Home,2025-03-27,2436
P007,Home,2025-03-24,2436
P007,Home,2025-03-19,2436
P007,Home,2025-03-18,2436
P007,Home,2025-03-13,2436
P007,Home,2025-03-07,2436
P007,Home,2025-02-27,2422
P007,Home,2025-02-26,2404
P007,Home,2025-02-24,2404
P007,Home,2025-02-20,2404
P007,Home,2025-02-18,2404
P007,Home,2025-02-16,2404
P007,Home,2025-02-10,2404
P007,Home,2025-02-07,2404
P007,Home,2025-02-04,2404
P007,Home,2025-01-31,2400
P007,Home,2025-01-28,2400
P007,Home,2025-01-27,2400
P007,Home,2025-01-19,2400
P007,Home,2025-01-18,2400
P007,Home,2025-01-15,2400
P007,Home,2025-01-08,2400
P007,Home,2025-01-07,2400
P007,Home,2025-01-05,2400
P007,Home,2025-01-01,2400
P007,Home,2024-12-26,2400
P007,Home,2024-12-19,2400
P007,Home,2024-12-16,2400
P007,Home,2024-12-15,2400
P007,Home,2024-12-12,2400
P007,Home,2024-12-11,2400
P007,Home,2024-12-10,2400
P007,Home,2024-12-09,2400
P007,Home,2024-12-07,2400
P007,Home,2024-12-05,2400
P007,Home,2024-11-26,2280
P007,Home,2024-11-24,2400
P007,Home,2024-11-23,2400
P007,Home,2024-11-20,2280
P007,Home,2024-11-19,2280
P007,Home,2024-11-15,2280
P007,Home,2024-11-14,2280
P007,Home,2024-11-12,2280
P007,Home,2024-11-11,2280
P007,Home,2024-11-08,2400
P007,Home,2024-11-07,2280
P007,Home,2024-11-06,2280
P007,Home,2024-11-05,2400
P007,Home,2024-11-03,2400
P007,Home,2024-10-31,2160
P007,Home,2024-10-30,2160
P007,Home,2024-10-29,2160
P007,Home,2024-10-28,2160
P007,Home,2024-10-26,2160
P007,Home,2024-10-25,2160
P007,Home,2024-10-22,2160
P007,Home,2024-10-21,2160
P007,Home,2024-10-20,2160
P007,Home,2024-10-19,2160
P007,Home,2024-10-15,2160
P007,Home,2024-10-14,2160
P007,Home,2024-10-13,2160
P007,Home,2024-10-11,2160
P007,Home,2024-10-10,2160
P007,Home,2024-10-09,2160
P007,Home,2024-10-08,2160
P007,Home,2024-10-07,2160
P007,Home,2024-10-04,2160
P007,Home,2024-10-01,2160
P007,Home,2024-09-30,2160
P007,Home,2024-09-29,2160
P007,Home,2024-09-28,2160
P007,Home,2024-09-27,2160
P007,Home,2024-09-26,2160
P007,Home,2024-09-25,2160
P007,Home,2024-09-23,2160
P007,Home,2024-09-22,2160
P007,Home,2024-09-20,2160
P007,Home,2024-09-19,2160
P007,Home,2024-09-18,2160
P007,Home,2024-09-17,2160
P007,Home,2024-09-16,2160
P007,Home,2024-09-15,2160
P007,Home,2024-09-12,2400
P007,Home,2024-09-11,2400
P007,Home,2024-09-10,2400
P007,Home,2024-09-09,2400
P007,Home,2024-08-26,2400
P007,Home,2024-08-25,2400
P007,Home,2024-08-08,2400
P007,Home,2024-07-20,2400
P007,Home,2024-07-10,2400
P007,Home,2024-07-02,2400
P007,Home,2024-07-01,2400
P007,Home,2024-06-25,2400
P007,Home,2024-06-24,2400
P007,Home,2024-06-16,2400
P007,Home,2024-06-14,2400
P007,Home,2024-06-11,2400
P007,Home,2024-06-10,2400
P007,Home,2024-06-07,2400
P008,Home,2025-03-28,446
P008,Home,2025-03-25,446
P008,Home,2025-03-23,446
P008,Home,2025-03-22,446
P008,Home,2025-03-14,446
P009,Home,2025-03-27,14499
P009,Home,2025-03-26,14499
P009,Home,2025-03-25,14499
P009,Home,2025-03-24,14499
P009,Home,2025-03-23,14499
P009,Home,2025-03-22,14499
P009,Home,2025-03-21,14499
P009,Home,2025-03-20,14499
P009,Home,2025-03-19,14499
P009,Home,2025-03-18,14499
P009,Home,2025-03-17,14499
P010,Home,2025-03-23,333
P010,Home,2025-02-28,361
P010,Home,2025-02-13,360
P010,Home,2025-01-31,360
P010,Home,2025-01-25,360
P010,Home,2025-01-22,360
P010,Home,2025-01-02,360
P010,Home,2024-12-10,385
P010,Home,2024-11-13,385
P010,Home,2024-10-29,385
P010,Home,2024-10-24,385
P010,Home,2024-10-19,385
P010,Home,2024-10-17,360
P010,Home,2024-10-09,385
P010,Home,2024-10-06,385
P010,Home,2024-09-30,346
P010,Home,2024-09-29,346
P010,Home,2024-09-28,346
P010,Home,2024-09-27,385
P010,Home,2024-09-26,346
P010,Home,2024-09-23,385
P010,Home,2024-09-22,385
P010,Home,2024-09-16,385
P010,Home,2024-09-09,385
P010,Home,2024-08-27,385
P010,Home,2024-07-28,385
P010,Home,2024-07-23,385
P010,Home,2024-07-19,359
P010,Home,2024-07-16,359
P010,Home,2024-07-08,385
P010,Home,2024-07-04,385
P010,Home,2024-07-01,385
P010,Home,2024-06-30,385
P010,Home,2024-06-24,385
P010,Home,2024-06-20,385
P010,Home,2024-06-19,385
P010,Home,2024-06-18,385
P010,Home,2024-06-02,385
P010,Home,2024-05-29,385
P010,Home,2024-05-22,370
P010,Home,2024-05-21,370
P010,Home,2024-03-18,385
P010,Home,2024-03-11,385
P010,Home,2024-02-13,385
P010,Home,2024-02-06,385
P010,Home,2024-01-09,385
P010,Home,2023-11-25,346
P010,Home,2023-11-24,385
P010,Home,2023-11-11,385
P010,Home,2023-11-01,385
P010,Home,2023-10-10,385
P010,Home,2023-09-30,385
P010,Home,2023-09-18,385
P011,Home,2025-03-28,899
P011,Home,2025-03-26,899
P011,Home,2025-03-25,899
P011,Home,2025-03-19,899
P011,Home,2025-03-18,899
P011,Home,2025-03-13,894
P011,Home,2025-03-11,894
P011,Home,2025-02-15,809
P011,Home,2025-02-14,899
P011,Home,2025-02-08,809
P011,Home,2025-02-04,899
P011,Home,2025-01-26,1595
P011,Home,2025-01-13,1595
P011,Home,2025-01-06,1595
P011,Home,2025-01-02,1435
P011,Home,2024-12-31,1595
P011,Home,2024-12-28,1595
P011,Home,2024-12-23,1595
P011,Home,2024-12-22,1595
P011,Home,2024-12-21,1595
P011,Home,2024-12-13,1595
P011,Home,2024-12-05,1595
P011,Home,2024-12-04,1595
P011,Home,2024-12-03,1595
P011,Home,2024-11-30,1595
P012,Home,2025-03-27,205
P012,Home,2025-03-26,205
P012,Home,2025-03-12,205
P012,Home,2025-03-06,205
P012,Home,2025-02-27,205
P012,Home,2025-02-22,205
P012,Home,2025-02-21,205
P012,Home,2025-02-19,205
P012,Home,2025-01-30,230
P012,Home,2024-12-02,299
P013,Home,2025-03-27,250
P013,Home,2025-03-26,250
P013,Home,2025-03-25,250
P013,Home,2025-03-24,250
P013,Home,2025-03-23,250
P013,Home,2025-03-22,250
P013,Home,2025-03-21,250
P013,Home,2025-03-20,250
P013,Home,2025-03-19,250
P013,Home,2025-03-18,250
P013,Home,2025-03-17,250
P014,Home,2025-03-28,241
P014,Home,2025-03-27,241
P014,Home,2025-03-26,241
P014,Home,2025-03-23,241
P014,Home,2025-03-22,241
P014,Home,2025-03-19,241
P014,Home,2025-03-13,241
P015,Home,2025-03-28,259
P015,Home,2025-03-27,241
P015,Home,2025-03-20,231
P015,Home,2025-03-18,231
P015,Home,2025-03-14,231
P015,Home,2025-03-12,231
P015,Home,2025-03-11,231
P015,Home,2025-03-10,231
P015,Home,2025-03-09,231
P015,Home,2025-03-08,231
P015,Home,2025-03-07,231
P015,Home,2025-03-06,231
P015,Home,2025-03-05,231
P015,Home,2025-03-04,231
P015,Home,2025-03-03,231
P015,Home,2025-03-02,231
P015,Home,2025-03-01,255
P015,Home,2025-02-28,223
P015,Home,2025-02-27,217
P015,Home,2025-02-26,217
P015,Home,2025-02-25,217
P015,Home,2025-02-24,217
P015,Home,2025-02-23,239
P015,Home,2025-02-22,212
P015,Home,2025-02-21,212
P015,Home,2025-02-03,199
P015,Home,2025-01-29,199
P016,Home,2025-03-28,100
P016,Home,2025-03-27,100
P016,Home,2025-03-26,100
P016,Home,2025-03-25,100
P016,Home,2025-03-24,100
P016,Home,2025-03-23,100
P016,Home,2025-03-22,100
P016,Home,2025-03-21,100
P016,Home,2025-03-20,100
P016,Home,2025-03-19,100
P016,Home,2025-03-18,100
P016,Home,2025-03-17,100
P017,Home,2025-03-26,93.98
P017,Home,2025-03-07,140.12
P017,Home,2025-02-23,140.9
P017,Home,2025-02-19,156.55
P017,Home,2025-02-13,154
P017,Home,2025-01-25,359
P017,Home,2025-01-24,359
P017,Home,2025-01-23,359
P017,Home,2025-01-05,209
P017,Home,2025-01-02,209
P017,Home,2024-12-31,209
P017,Home,2024-12-30,209
P017,Home,2024-11-10,159.21
P017,Home,2024-11-06,219
P017,Home,2024-11-05,219
P018,Home,2025-03-13,369
P018,Home,2025-03-03,369
P018,Home,2025-01-29,479
P018,Home,2025-01-27,479
P018,Home,2025-01-07,479
P018,Home,2025-01-06,479
P018,Home,2024-12-26,359
P018,Home,2024-12-25,359
P018,Home,2024-12-12,359
P018,Home,2024-12-11,359
P018,Home,2024-12-03,359
P018,Home,2024-11-21,359
P018,Home,2024-11-19,359
P018,Home,2024-10-02,359
P018,Home,2024-10-01,359
P019,Home,2025-03-29,219
P019,Home,2025-03-28,219
P019,Home,2025-03-27,219
P019,Home,2025-03-26,219
P019,Home,2025-03-24,219
P019,Home,2025-03-23,219
P019,Home,2025-03-22,219
P019,Home,2025-03-01,245
P019,Home,2025-02-22,249
P019,Home,2025-02-17,249
P019,Home,2025-02-13,247
P019,Home,2025-02-09,254
P019,Home,2025-02-01,254
P019,Home,2025-01-26,254
P020,Home,2025-03-26,339
P020,Home,2025-03-19,339
P020,Home,2025-03-06,344
P020,Home,2025-03-04,344
P020,Home,2025-02-26,344
P020,Home,2025-02-18,344
P020,Home,2025-02-12,344
P020,Home,2025-01-01,344
P020,Home,2024-12-01,344
P020,Home,2024-11-13,399
P020,Home,2024-10-30,287
P020,Home,2024-10-29,287
P020,Home,2024-10-24,287
P020,Home,2024-10-11,287
P020,Home,2024-10-10,287
P020,Home,2024-10-02,287
P020,Home,2024-09-29,287
P020,Home,2024-09-28,287
P020,Home,2024-09-13,399
P020,Home,2024-05-17,296
P020,Home,2024-05-14,296
P020,Home,2024-04-16,296
P020,Home,2024-04-08,296
P020,Home,2024-04-06,296
P020,Home,2024-04-05,296
P020,Home,2024-04-03,296
P020,Home,2024-03-22,296
P020,Home,2024-03-19,296
P020,Home,2024-03-15,322
P020,Home,2024-03-09,322
P020,Home,2024-02-25,329
P020,Home,2024-01-15,322
P020,Home,2024-01-14,322
P020,Home,2023-12-22,329
P020,Home,2023-12-04,329
P020,Home,2023-11-27,325
P020,Home,2023-10-07,325
P020,Home,2023-10-05,335
P020,Home,2023-10-03,335
P020,Home,2023-10-02,335
P020,Home,2023-10-01,335
P020,Home,2023-09-30,335
P020,Home,2023-09-29,335
P020,Home,2023-09-28,335
P020,Home,2023-09-27,335
P020,Home,2023-09-24,349
P020,Home,2023-09-22,349
P020,Home,2023-09-21,349
P020,Home,2023-09-20,349
P020,Home,2023-09-17,349
P020,Home,2023-09-14,349
P020,Home,2023-09-01,349
P021,Home,2025-03-26,269
P021,Home,2025-03-22,269
P021,Home,2025-03-17,269
P021,Home,2025-03-13,361
P021,Home,2025-03-10,361
P021,Home,2025-02-11,349
P021,Home,2025-01-16,349
P021,Home,2025-01-13,349
P021,Home,2025-01-05,349
P021,Home,2025-01-02,349
P021,Home,2024-12-11,349
P021,Home,2024-11-16,299
P021,Home,2024-11-13,299
P021,Home,2024-11-12,299
P021,Home,2024-10-21,263
P021,Home,2024-10-20,263
P021,Home,2024-10-17,293
P021,Home,2024-10-13,293
P021,Home,2024-10-01,293
P022,Home,2025-03-28,189
P022,Home,2025-01-15,189
P022,Home,2025-01-11,179
P023,Home,2025-03-27,799
P023,Home,2025-03-26,799
P023,Home,2025-03-25,799
P023,Home,2025-03-24,799
P023,Home,2025-03-23,799
P023,Home,2025-03-22,799
P023,Home,2025-03-21,799
P023,Home,2025-03-20,799
P023,Home,2025-03-19,799
P023,Home,2025-03-18,799
P023,Home,2025-03-17,799
P024,Home,2025-03-26,258
P024,Home,2025-03-24,239
P024,Home,2025-03-22,211
P024,Home,2025-03-21,198
P024,Home,2025-03-18,198
P024,Home,2025-03-17,239
P024,Home,2025-03-16,198
P024,Home,2025-03-15,198
P024,Home,2025-03-14,198
P024,Home,2025-03-12,198
P024,Home,2025-03-10,198
P024,Home,2025-03-07,239
P024,Home,2025-03-04,191
P024,Home,2025-03-03,191
P024,Home,2025-03-02,191
P024,Home,2025-03-01,176
P024,Home,2025-02-28,171
P024,Home,2025-02-26,173
P024,Home,2025-02-24,173
P024,Home,2025-02-23,173
P024,Home,2025-02-21,173
P024,Home,2025-02-20,173
P024,Home,2025-02-19,173
P024,Home,2025-02-15,287
P024,Home,2025-02-09,164
P024,Home,2025-02-07,164
P024,Home,2025-02-04,164
P024,Home,2025-02-03,164
P024,Home,2025-02-01,164
P024,Home,2025-01-27,164
P024,Home,2025-01-25,164
P024,Home,2025-01-24,164
P024,Home,2025-01-23,164
P024,Home,2025-01-19,164
P024,Home,2025-01-18,164
P024,Home,2025-01-16,174
P024,Home,2025-01-15,164
P024,Home,2025-01-12,181
P024,Home,2025-01-11,199
P024,Home,2024-12-28,319
P024,Home,2024-12-25,319
P024,Home,2024-12-22,319
P024,Home,2024-12-21,319
P024,Home,2024-12-19,319
P024,Home,2024-12-15,319
P024,Home,2024-12-14,319
P024,Home,2024-12-12,299
P024,Home,2024-12-09,299
P024,Home,2024-12-03,299
P024,Home,2024-11-27,299
P024,Home,2024-11-18,299
P024,Home,2024-11-12,299
P024,Home,2024-11-11,299
P024,Home,2024-11-10,299
P024,Home,2024-11-09,299
P024,Home,2024-11-06,299
P024,Home,2024-10-29,299
P025,Home,2025-03-27,1189
P025,Home,2025-03-26,1189
P025,Home,2025-03-25,1189
P025,Home,2025-03-22,1189
P025,Home,2025-03-21,1189
P025,Home,2025-03-19,1189
P025,Home,2025-03-18,1189
P025,Home,2025-03-17,1189
P025,Home,2025-03-15,1189
P025,Home,2025-03-14,1189
P025,Home,2025-03-08,1105
P025,Home,2025-03-07,1105
P025,Home,2025-03-06,1699
P025,Home,2025-03-03,1699
P025,Home,2025-03-02,1699
P025,Home,2025-02-19,1699
P025,Home,2025-01-03,1177
P025,Home,2024-12-30,1529
P025,Home,2024-12-29,1529
P025,Home,2024-12-28,1699
P025,Home,2024-12-23,1529
P025,Home,2024-12-21,1529
P025,Home,2024-12-18,1529
P025,Home,2024-12-17,1529
P025,Home,2024-12-14,1699
P025,Home,2024-11-02,1189
P025,Home,2024-10-28,1189
P025,Home,2024-09-29,1178
P025,Home,2024-09-28,1178
P025,Home,2024-09-27,1178
P025,Home,2024-09-26,1178
P026,Home,2025-03-13,445
P026,Home,2025-02-28,442
P026,Home,2025-01-17,569
P026,Home,2025-01-10,569
P026,Home,2024-12-24,569
P026,Home,2024-12-03,569
P026,Home,2024-11-09,569
P026,Home,2024-11-03,569
P026,Home,2024-10-29,569
P026,Home,2024-10-27,569
P026,Home,2024-10-25,569
P026,Home,2024-10-12,569
P026,Home,2024-10-09,569
P026,Home,2024-10-05,569
P026,Home,2024-10-04,569
P026,Home,2024-10-03,569
P026,Home,2024-09-28,569
P026,Home,2024-09-27,569
P026,Home,2024-09-26,569
P026,Home,2024-09-25,569
P026,Home,2024-09-07,569
P026,Home,2024-06-20,569
P026,Home,2024-05-03,569
P026,Home,2024-04-06,569
P026,Home,2024-03-18,569
P026,Home,2024-02-28,569
P026,Home,2024-02-02,569
P026,Home,2024-01-18,569
P026,Home,2024-01-12,569
P026,Home,2023-12-29,569
P026,Home,2023-12-07,569
P026,Home,2023-11-20,569
P026,Home,2023-11-16,569
P026,Home,2023-10-18,569
P026,Home,2023-10-12,569
P026,Home,2023-10-08,569
P026,Home,2023-09-10,569
P026,Home,2023-08-30,569
P026,Home,2022-03-14,479
P026,Home,2022-01-28,489
P026,Home,2022-01-12,489
P026,Home,2021-12-30,489
P026,Home,2021-12-16,489
P026,Home,2021-12-04,489
P026,Home,2021-11-16,489
P026,Home,2021-10-29,489
P026,Home,2021-10-20,489
P026,Home,2021-10-11,489
P026,Home,2021-10-04,489
P026,Home,2021-09-24,489
P026,Home,2021-09-18,489
P026,Home,2021-08-25,479
P026,Home,2021-08-19,479
P026,Home,2021-08-13,479
P026,Home,2021-08-07,479
P026,Home,2021-08-01,479
P026,Home,2021-07-26,479
P026,Home,2021-07-20,479
P026,Home,2021-07-12,479
P026,Home,2021-07-05,479
P026,Home,2021-06-29,479
P026,Home,2021-06-24,479
P026,Home,2021-06-18,459
P026,Home,2021-06-12,459
P026,Home,2021-06-05,459
P026,Home,2021-05-29,459
P026,Home,2021-05-14,459
P026,Home,2021-04-26,459
P026,Home,2021-04-05,459
P026,Home,2021-03-17,459
P026,Home,2021-02-17,499
P026,Home,2021-01-21,499
P026,Home,2020-11-28,509
P026,Home,2020-10-22,709
P026,Home,2020-09-25,609
P026,Home,2020-09-21,609
P026,Home,2020-09-13,609
P026,Home,2020-08-05,489
P026,Home,2020-07-29,489
P026,Home,2020-07-23,489
P026,Home,2020-07-16,489
P026,Home,2020-07-11,489
P026,Home,2020-04-21,439
P026,Home,2020-03-21,439
P026,Home,2020-02-20,439
P026,Home,2020-02-13,439
P026,Home,2020-02-07,499
P026,Home,2020-01-08,499
P027,Home,2025-03-27,2436
P027,Home,2025-03-11,2558
P027,Home,2025-03-06,2438
P027,Home,2025-03-04,2750
P027,Home,2025-02-25,2630
P027,Home,2025-02-18,2750
P027,Home,2025-02-16,2630
P027,Home,2025-02-01,2750
P027,Home,2025-01-31,2750
P027,Home,2025-01-28,2750
P027,Home,2025-01-18,2748
P027,Home,2025-01-14,2748
P027,Home,2025-01-12,2750
P027,Home,2025-01-05,2750
P027,Home,2025-01-04,2750
P027,Home,2024-12-26,2750
P027,Home,2024-12-25,2750
P027,Home,2024-12-24,2750
P027,Home,2024-12-17,2750
P027,Home,2024-12-04,2750
P027,Home,2024-11-23,2750
P027,Home,2024-11-20,2750
P027,Home,2024-11-19,2750
P027,Home,2024-11-18,2750
P027,Home,2024-11-13,2750
P027,Home,2024-10-07,2520
P027,Home,2024-10-05,2520
P027,Home,2024-10-04,2448
P027,Home,2024-09-28,2448
P027,Home,2024-09-27,2448
P027,Home,2024-09-26,2500
P027,Home,2024-09-25,2500
P027,Home,2024-09-24,2500
P027,Home,2024-09-23,2500
P027,Home,2024-09-22,2500
P027,Home,2024-09-21,2500
P027,Home,2024-09-19,2500
P027,Home,2024-09-17,2500
P027,Home,2024-09-15,2750
P027,Home,2024-08-31,2448
P027,Home,2024-08-29,2448
P027,Home,2024-08-28,2418
P027,Home,2024-08-27,2750
P027,Home,2024-08-22,2418
P027,Home,2024-08-21,2422
P027,Home,2024-07-20,2360
P027,Home,2024-07-16,2360
P027,Home,2024-07-14,2360
P027,Home,2024-07-13,2288
P027,Home,2024-07-11,2360
P027,Home,2024-07-06,2360
P027,Home,2024-07-05,2360
P027,Home,2024-07-03,2360
P027,Home,2024-07-02,2360
P027,Home,2024-06-27,2436
P027,Home,2024-06-26,2436
P027,Home,2024-06-25,2750
P027,Home,2024-06-24,2750
P027,Home,2024-06-23,2750
P027,Home,2024-06-22,2750
P027,Home,2024-06-19,2750
P027,Home,2024-06-18,2750
P027,Home,2024-06-14,2750
P027,Home,2024-06-07,2750
P027,Home,2024-06-05,2750
P027,Home,2024-06-04,2750
P027,Home,2024-06-01,2750
P027,Home,2024-05-31,2750
P027,Home,2024-05-30,2750
P027,Home,2024-05-29,2750
P027,Home,2024-05-28,2750
P027,Home,2024-05-27,2750
P027,Home,2024-05-25,2750
P027,Home,2024-05-24,2750
P027,Home,2024-05-23,2750
P027,Home,2024-05-22,2750
P027,Home,2024-05-16,2550
P027,Home,2024-05-14,2550
P027,Home,2024-05-08,2530
P027,Home,2024-05-07,2530
P027,Home,2024-05-06,2530
P027,Home,2024-05-03,2530
P027,Home,2024-05-02,2530
P027,Home,2024-04-29,2550
P027,Home,2024-04-27,2550
P027,Home,2024-04-26,2550
P027,Home,2024-04-25,2550
P027,Home,2024-04-23,2550
P027,Home,2024-04-21,2550
P027,Home,2024-04-20,2550
P027,Home,2024-04-19,2550
P027,Home,2024-04-18,2550
P027,Home,2024-04-17,2550
P027,Home,2024-04-16,2550
P027,Home,2024-04-12,2550
P027,Home,2024-04-10,2550
P027,Home,2024-04-09,2550
P027,Home,2024-04-01,2550
P027,Home,2024-03-30,2550
P027,Home,2024-03-27,2550
P027,Home,2024-03-24,2550
P027,Home,2024-03-22,2550
P027,Home,2024-03-19,2550
P027,Home,2024-03-18,2550
P027,Home,2024-03-16,2550
P027,Home,2024-03-15,2550
P027,Home,2024-03-10,2550
P027,Home,2024-03-08,2550
P027,Home,2024-03-07,2550
P027,Home,2024-03-04,2550
P027,Home,2024-03-03,2550
P027,Home,2024-03-01,2550
P027,Home,2024-02-27,2550
P027,Home,2024-02-24,2550
P027,Home,2024-02-20,2550
P027,Home,2024-02-19,2550
P027,Home,2024-02-16,2550
P027,Home,2024-02-15,2550
P027,Home,2024-02-14,2550
P027,Home,2024-02-13,2550
P028,Home,2025-03-27,1199  
P028,Home,2025-03-26,1199  
P028,Home,2025-03-25,1199  
P028,Home,2025-03-24,1199  
P028,Home,2025-03-23,1199  
P028,Home,2025-03-22,1199  
P028,Home,2025-03-21,1199  
P028,Home,2025-03-20,1199  
P028,Home,2025-03-19,1199  
P028,Home,2025-03-18,1199  
P028,Home,2025-03-17,1199  
P028,Home,2025-03-16,1199  
P028,Home,2025-03-15,1199  
P028,Home,2025-03-14,1199  
P028,Home,2025-03-13,1199  
P028,Home,2025-03-12,1199  
P028,Home,2025-03-09,1199  
P028,Home,2025-03-07,1199  
P028,Home,2025-03-06,1199  
P028,Home,2025-03-05,1199  
P028,Home,2025-03-04,1199  
P028,Home,2025-03-03,1199  
P028,Home,2025-03-02,1199  
P028,Home,2025-03-01,1199  
P028,Home,2025-02-28,1199  
P028,Home,2025-02-27,1199  
P028,Home,2025-02-26,1199  
P028,Home,2025-02-25,1199  
P028,Home,2025-02-24,1199  
P028,Home,2025-02-23,1199  
P028,Home,2025-02-22,1199  
P028,Home,2025-02-21,1199  
P028,Home,2025-02-20,1199  
P028,Home,2025-02-19,1199  
P028,Home,2025-02-18,1199  
P028,Home,2025-02-17,1199  
P028,Home,2025-02-16,1199  
P028,Home,2025-02-15,1199  
P028,Home,2025-02-14,1199  
P028,Home,2025-02-13,1199  
P028,Home,2025-02-12,1199  
P028,Home,2025-02-11,1199  
P028,Home,2025-02-10,1199  
P028,Home,2025-02-09,1199  
P028,Home,2025-02-08,1199  
P028,Home,2025-02-07,1199  
P028,Home,2025-02-06,1199  
P028,Home,2025-02-05,1199  
P028,Home,2025-02-04,1199  
P028,Home,2025-02-03,1199  
P028,Home,2025-02-02,1199  
P028,Home,2025-02-01,1199  
P028,Home,2025-01-31,1199  
P028,Home,2025-01-30,1199  
P028,Home,2025-01-29,1199  
P028,Home,2025-01-28,1199  
P028,Home,2025-01-27,1199  
P028,Home,2025-01-26,1565  
P028,Home,2025-01-25,1565  
P028,Home,2025-01-24,1565  
P029,Home,2025-03-27,1530
P029,Home,2025-03-25,1510
P029,Home,2025-03-22,1495
P029,Home,2025-03-15,1499
P029,Home,2025-03-14,1499
P030,Home,2025-03-27,250
P030,Home,2025-03-27,239
P030,Home,2025-03-26,239
P030,Home,2025-03-24,239
P030,Home,2025-03-18,239
P030,Home,2025-03-17,239
P030,Home,2025-03-11,233
P030,Home,2025-03-10,233
P030,Home,2025-03-08,233
P030,Home,2025-03-06,231
P030,Home,2025-02-28,216
P030,Home,2025-02-22,217
P030,Home,2025-02-20,217
P030,Home,2025-02-19,217
P030,Home,2025-02-13,217
P030,Home,2025-02-12,217
P030,Home,2025-02-09,214
P030,Home,2025-02-08,214
P030,Home,2025-02-07,239
P030,Home,2025-02-05,214
P030,Home,2025-02-03,214
P030,Home,2025-02-01,214
P030,Home,2025-01-31,214
P030,Home,2025-01-30,214
P030,Home,2025-01-28,214
P030,Home,2025-01-24,224
P030,Home,2025-01-17,224
P030,Home,2025-01-12,224
P030,Home,2025-01-11,224
P030,Home,2025-01-09,224
P030,Home,2025-01-07,224
P030,Home,2025-01-06,250
P030,Home,2025-01-05,225
P030,Home,2024-12-26,224
P030,Home,2024-12-24,249
P030,Home,2024-12-19,249
P030,Home,2024-12-18,249
P030,Home,2024-12-14,249
P030,Home,2024-12-09,249
P030,Home,2024-12-04,249
P030,Home,2024-11-29,249
P030,Home,2024-11-25,249
P030,Home,2024-11-24,249
P030,Home,2024-11-19,249
P030,Home,2024-11-18,249
P030,Home,2024-11-15,249
P030,Home,2024-11-14,249
P030,Home,2024-11-13,249
P030,Home,2024-11-12,249
P030,Home,2024-11-09,249
P030,Home,2024-11-08,249
P030,Home,2024-11-05,249
P030,Home,2024-11-04,249
P030,Home,2024-11-01,249
P030,Home,2024-10-31,249
P030,Home,2024-10-29,249
P030,Home,2024-10-28,249
P030,Home,2024-10-26,249
P030,Home,2024-10-22,249
P030,Home,2024-10-18,249
P030,Home,2024-10-09,249
P030,Home,2024-10-06,199
P030,Home,2024-10-05,199
P030,Home,2024-10-02,199
P030,Home,2024-10-01,199
P031,Home,2025-03-06,322
P031,Home,2025-01-26,333
P031,Home,2025-01-23,333
P031,Home,2025-01-10,333
P031,Home,2024-12-31,359
P031,Home,2024-12-14,341
P031,Home,2024-12-11,341
P031,Home,2024-12-08,341
P031,Home,2024-12-07,341
P031,Home,2024-11-28,341
P031,Home,2024-11-27,341
P031,Home,2024-11-19,359
P031,Home,2024-11-04,359
P031,Home,2024-11-02,359
P031,Home,2024-10-29,359
P031,Home,2024-10-27,359
P031,Home,2024-10-21,323
P031,Home,2024-10-20,323
P031,Home,2024-10-17,323
P031,Home,2024-10-16,323
P031,Home,2024-10-09,323
P031,Home,2024-10-06,359
P031,Home,2024-10-04,359
P031,Home,2024-09-29,323
P031,Home,2024-09-25,323
P031,Home,2024-09-18,323
P031,Home,2024-09-06,359
P031,Home,2024-07-12,359
P031,Home,2024-06-29,359
P031,Home,2024-05-30,359
P031,Home,2024-03-08,359
P031,Home,2024-02-17,359
P031,Home,2024-02-12,359
P031,Home,2024-02-09,359
P031,Home,2024-02-04,359
P031,Home,2024-02-03,359
P031,Home,2023-12-11,359
P031,Home,2023-11-20,359
P031,Home,2023-11-08,359
P031,Home,2023-11-07,359
P031,Home,2023-11-02,359
P031,Home,2023-10-23,319
P031,Home,2023-10-20,323
P031,Home,2023-10-17,359
P031,Home,2023-10-15,334
P031,Home,2023-10-08,359
P031,Home,2023-09-29,305
P032,Home,2025-03-26,241
P032,Home,2025-03-25,241
P032,Home,2025-03-24,241
P032,Home,2025-03-23,241
P032,Home,2025-03-22,241
P032,Home,2025-03-21,241
P032,Home,2025-03-20,241
P032,Home,2025-03-19,241
P032,Home,2025-03-18,241
P032,Home,2025-03-17,241
P033,Home,2025-03-19,267
P033,Home,2025-02-27,266
P033,Home,2025-02-19,264
P033,Home,2025-02-17,264
P033,Home,2025-02-14,361
P033,Home,2025-02-03,359
P033,Home,2025-01-29,313
P033,Home,2025-01-26,313
P033,Home,2025-01-24,313
P033,Home,2025-01-19,313
P033,Home,2025-01-07,359
P033,Home,2025-01-04,359
P033,Home,2024-12-01,359
P033,Home,2024-11-13,359
P033,Home,2024-11-07,359
P033,Home,2024-10-17,341
P033,Home,2024-10-11,359
P034,Home,2025-03-27,447
P034,Home,2025-03-26,433
P034,Home,2025-01-31,443
P034,Home,2025-01-11,443
P034,Home,2024-12-18,443
P035,Home,2025-03-26,1491
P035,Home,2025-03-25,1541
P035,Home,2025-03-24,1541
P035,Home,2025-03-23,1541
P035,Home,2025-03-21,1491
P035,Home,2025-03-19,1559
P035,Home,2025-03-18,1369
P035,Home,2025-03-17,1369
P035,Home,2025-03-13,1369
P035,Home,2025-03-12,1369
P035,Home,2025-03-11,1419
P035,Home,2025-03-09,1419
P035,Home,2025-03-08,1419
P035,Home,2025-03-07,1419
P035,Home,2025-03-06,1419
P035,Home,2025-03-04,1419
P035,Home,2025-03-03,1419
P035,Home,2025-02-28,1419
P035,Home,2025-02-27,1419
P035,Home,2025-02-26,1419
P035,Home,2025-02-25,1419
P035,Home,2025-02-23,1419
P035,Home,2025-02-19,1419
P035,Home,2025-02-18,1419
P035,Home,2025-02-01,1459
P035,Home,2025-01-11,1549
P035,Home,2025-01-04,1549
P035,Home,2024-12-28,1549
P035,Home,2024-12-24,1549
P035,Home,2024-12-17,1549
P036,Home,2025-03-27,120
P036,Home,2025-03-21,120
P036,Home,2025-03-19,120
P036,Home,2025-03-15,113
P036,Home,2025-03-14,113
P036,Home,2025-03-13,120
P036,Home,2025-03-11,120
P036,Home,2025-03-09,113
P036,Home,2025-03-08,120
P036,Home,2025-03-07,120
P036,Home,2025-03-06,120
P036,Home,2025-03-04,120
P036,Home,2025-03-03,118
P036,Home,2025-03-02,120
P036,Home,2025-02-27,134
P036,Home,2025-02-26,131
P036,Home,2025-02-25,136
P036,Home,2025-02-22,131
P036,Home,2025-02-21,153
P036,Home,2025-02-18,153
P036,Home,2025-02-13,131
P036,Home,2025-02-12,153
P036,Home,2025-02-10,153
P036,Home,2025-02-07,128
P036,Home,2025-02-03,153
P036,Home,2025-02-02,128
P036,Home,2025-01-30,166
P036,Home,2025-01-28,153
P036,Home,2025-01-26,153
P036,Home,2025-01-25,128
P036,Home,2025-01-21,133
P036,Home,2025-01-18,133
P036,Home,2025-01-12,135
P036,Home,2025-01-11,135
P036,Home,2025-01-09,158
P036,Home,2025-01-07,133
P036,Home,2025-01-06,158
P036,Home,2024-12-31,158
P036,Home,2024-12-30,158
P036,Home,2024-12-29,133
P036,Home,2024-12-27,133
P036,Home,2024-12-23,141
P036,Home,2024-11-23,166
P037,Home,2025-03-20,559
P037,Home,2025-03-12,531
P037,Home,2025-02-27,585
P037,Home,2025-02-17,550
P037,Home,2025-01-16,699
P037,Home,2025-01-06,699
P037,Home,2024-12-27,711
P037,Home,2024-11-10,769
P037,Home,2024-10-29,769
P037,Home,2024-10-22,730
P037,Home,2024-10-14,730
P037,Home,2024-10-13,730
P037,Home,2024-10-09,730
P037,Home,2024-10-05,769
P037,Home,2024-10-04,730
P037,Home,2024-10-02,730
P037,Home,2024-09-30,769
P038,Home,2025-03-07,495
P038,Home,2024-12-12,599
P039,Home,2025-03-20,770
P039,Home,2025-01-16,770
P039,Home,2025-01-14,770
P039,Home,2025-01-13,770
P039,Home,2025-01-10,680
P039,Home,2025-01-09,680
P039,Home,2025-01-07,680
P039,Home,2025-01-06,680
P039,Home,2025-01-05,680
P039,Home,2025-01-04,680
P039,Home,2025-01-03,680
P039,Home,2025-01-02,680
P039,Home,2025-01-01,680
P039,Home,2024-12-31,680
P039,Home,2024-12-30,680
P039,Home,2024-12-28,680
P039,Home,2024-12-27,680
P039,Home,2024-12-26,680
P039,Home,2024-12-24,680
P039,Home,2024-12-23,680
P039,Home,2024-12-22,680
P039,Home,2024-12-19,680
P039,Home,2024-12-18,680
P039,Home,2024-12-17,680
P039,Home,2024-12-16,680
P039,Home,2024-12-15,680
P039,Home,2024-12-14,680
P039,Home,2024-12-12,680
P039,Home,2024-12-11,680
P039,Home,2024-12-10,680
P039,Home,2024-12-09,680
P039,Home,2024-12-08,680
P039,Home,2024-12-05,770
P039,Home,2024-12-03,770
P039,Home,2024-12-01,770
P039,Home,2024-11-30,680
P039,Home,2024-11-29,680
P039,Home,2024-11-28,680
P039,Home,2024-11-26,680
P039,Home,2024-11-25,680
P039,Home,2024-11-24,680
P039,Home,2024-11-23,680
P039,Home,2024-11-22,680
P039,Home,2024-11-21,680
P039,Home,2024-11-20,680
P039,Home,2024-11-19,680
P039,Home,2024-11-18,680
P039,Home,2024-11-17,680
P039,Home,2024-11-16,680
P039,Home,2024-11-15,680
P039,Home,2024-11-13,680
P039,Home,2024-11-12,680
P039,Home,2024-11-11,680
P039,Home,2024-11-10,680
P039,Home,2024-11-09,680
P039,Home,2024-11-08,680
P039,Home,2024-11-07,680
P039,Home,2024-11-06,680
P039,Home,2024-11-04,680
P039,Home,2024-11-02,680
P039,Home,2024-10-30,680
P039,Home,2024-10-29,601
P039,Home,2024-10-28,601
P039,Home,2024-10-27,601
P039,Home,2024-10-26,601
P039,Home,2024-10-25,601
P039,Home,2024-10-23,601
P039,Home,2024-10-22,601
P039,Home,2024-10-21,601
P039,Home,2024-10-20,601
P039,Home,2024-10-19,601
P039,Home,2024-10-17,601
P039,Home,2024-10-16,601
P039,Home,2024-10-15,601
P039,Home,2024-10-14,601
P039,Home,2024-10-13,601
P039,Home,2024-10-11,601
P039,Home,2024-10-10,601
P039,Home,2024-10-09,601
P039,Home,2024-10-01,601
P039,Home,2024-09-20,770
P039,Home,2024-09-19,770
P039,Home,2024-09-18,770
P039,Home,2024-09-17,770
P039,Home,2024-09-16,770
P039,Home,2024-09-15,770
P039,Home,2024-09-14,770
P039,Home,2024-09-13,770
P039,Home,2024-09-11,770
P039,Home,2024-09-10,770
P039,Home,2024-09-09,770
P039,Home,2024-09-08,770
P039,Home,2024-09-07,770
P039,Home,2024-09-04,770
P039,Home,2024-09-03,770
P039,Home,2024-09-01,770
P039,Home,2024-08-31,770
P039,Home,2024-08-28,770
P039,Home,2024-08-27,770
P039,Home,2024-08-23,770
P039,Home,2024-08-22,770
P039,Home,2024-08-20,770
P039,Home,2024-08-19,770
P039,Home,2024-08-17,770
P039,Home,2024-08-15,770
P039,Home,2024-08-14,770
P039,Home,2024-08-13,770
P039,Home,2024-08-12,637
P039,Home,2024-08-10,637
P039,Home,2024-08-09,735
P039,Home,2024-08-08,735
P039,Home,2024-08-05,735
P039,Home,2024-08-04,735
P039,Home,2024-08-01,672
P039,Home,2024-07-28,672
P039,Home,2024-07-27,672
P039,Home,2024-07-26,672
P039,Home,2024-07-23,672
P039,Home,2024-07-22,735
P039,Home,2024-07-21,616
P040,Home,2025-03-27,13499
P040,Home,2025-03-26,13499
P040,Home,2025-03-25,13499
P040,Home,2025-03-24,13499
P040,Home,2025-03-23,13499
P040,Home,2025-03-22,13499
P040,Home,2025-03-21,13499
P040,Home,2025-03-20,13499
P040,Home,2025-03-19,13499
P040,Home,2025-03-18,13499
P040,Home,2025-03-17,13499
P040,Home,2025-03-16,13499
P040,Home,2025-03-15,13499
P040,Home,2025-03-14,13499
P040,Home,2025-03-13,13499
P040,Home,2025-03-12,13499
P040,Home,2025-03-11,13499
P040,Home,2025-03-10,13499
P040,Home,2025-03-09,13499
P040,Home,2025-03-07,13499
P040,Home,2025-03-06,13499
P040,Home,2025-03-03,13499
P040,Home,2025-03-01,13499
P040,Home,2025-02-28,13499
P040,Home,2025-02-26,13499
P040,Home,2025-02-21,13499
P040,Home,2025-02-16,13499
P040,Home,2025-02-15,13499
P040,Home,2025-02-14,13499
P040,Home,2025-02-10,13499
P040,Home,2025-02-09,13499
P040,Home,2025-01-29,13499
P040,Home,2025-01-27,13499
P040,Home,2025-01-23,12609
P040,Home,2025-01-22,12609
P040,Home,2025-01-21,12609
P040,Home,2025-01-17,12609
P040,Home,2025-01-16,12999
P040,Home,2025-01-15,12999
P040,Home,2025-01-14,12999
P040,Home,2025-01-13,12999
P040,Home,2025-01-12,12999
P040,Home,2025-01-11,12999
P040,Home,2025-01-10,12999
P040,Home,2025-01-09,12999
P040,Home,2025-01-02,13649
P040,Home,2024-12-30,13649
P040,Home,2024-12-27,13649
P040,Home,2024-09-29,14499
P041,Home,2025-03-23,188
P041,Home,2025-03-22,188
P041,Home,2025-03-21,188
P041,Home,2025-03-18,188
P041,Home,2025-03-17,188
P041,Home,2025-03-14,188
P041,Home,2025-03-12,188
P041,Home,2025-03-11,182
P041,Home,2025-03-10,182
P041,Home,2025-03-09,182
P041,Home,2025-03-08,182
P041,Home,2025-03-06,182
P041,Home,2025-03-04,174
P041,Home,2025-03-02,149
P041,Home,2025-03-01,147
P041,Home,2025-02-26,189
P041,Home,2025-02-25,189
P041,Home,2025-02-24,189
P041,Home,2025-02-22,189
P041,Home,2025-02-21,189
P041,Home,2025-02-20,189
P041,Home,2025-02-19,189
P041,Home,2025-02-18,189
P041,Home,2025-02-17,170
P041,Home,2025-02-16,170
P041,Home,2025-02-15,189
P041,Home,2025-02-14,189
P041,Home,2025-02-13,154
P041,Home,2025-02-12,189
P041,Home,2025-02-11,189
P041,Home,2025-02-10,154
P041,Home,2025-02-09,154
P041,Home,2025-02-08,154
P041,Home,2025-02-07,189
P041,Home,2025-02-06,154
P041,Home,2025-02-05,154
P041,Home,2025-02-04,164
P041,Home,2025-02-03,164
P041,Home,2025-02-02,189
P041,Home,2025-02-01,164
P041,Home,2025-01-31,189
P041,Home,2025-01-30,164
P041,Home,2025-01-27,164
P041,Home,2025-01-26,164
P041,Home,2025-01-24,164
P041,Home,2025-01-23,164
P041,Home,2025-01-21,164
P041,Home,2025-01-19,189
P041,Home,2025-01-18,164
P041,Home,2025-01-17,164
P041,Home,2025-01-16,164
P041,Home,2025-01-14,170
P041,Home,2025-01-12,189
P041,Home,2025-01-11,189
P041,Home,2025-01-10,170
P041,Home,2025-01-08,170
P041,Home,2025-01-07,170
P041,Home,2025-01-06,170
P041,Home,2025-01-05,170
P041,Home,2025-01-02,189
P041,Home,2025-01-01,170
P041,Home,2024-12-31,189
P041,Home,2024-12-30,170
P041,Home,2024-12-29,189
P041,Home,2024-12-28,189
P041,Home,2024-12-27,189
P041,Home,2024-12-26,189
P041,Home,2024-12-25,164
P041,Home,2024-12-23,164
P041,Home,2024-12-22,189
P041,Home,2024-12-21,164
P041,Home,2024-12-20,170
P041,Home,2024-12-19,170
P041,Home,2024-12-18,170
P041,Home,2024-12-17,189
P041,Home,2024-12-16,170
P041,Home,2024-12-15,170
P041,Home,2024-12-13,170
P041,Home,2024-12-12,189
P041,Home,2024-12-09,170
P041,Home,2024-12-08,189
P041,Home,2024-12-07,189
P041,Home,2024-12-06,189
P041,Home,2024-12-03,170
P041,Home,2024-12-01,170
P041,Home,2024-11-30,170
P041,Home,2024-11-27,170
P041,Home,2024-11-26,189
P041,Home,2024-11-23,189
P041,Home,2024-11-22,189
P041,Home,2024-11-21,189
P041,Home,2024-11-19,189
P041,Home,2024-11-18,189
P041,Home,2024-11-16,189
P041,Home,2024-11-15,189
P041,Home,2024-11-14,189
P041,Home,2024-11-13,189
P041,Home,2024-11-12,189
P041,Home,2024-11-11,189
P041,Home,2024-11-09,189
P041,Home,2024-11-08,189
P041,Home,2024-11-07,189
P041,Home,2024-11-06,189
P041,Home,2024-11-05,189
P041,Home,2024-11-04,189
P041,Home,2024-11-03,189
P041,Home,2024-11-02,189
P041,Home,2024-11-01,189
P041,Home,2024-10-31,189
P041,Home,2024-10-30,189
P041,Home,2024-10-29,189
P041,Home,2024-10-28,189
P041,Home,2024-10-27,189
P041,Home,2024-10-26,189
P041,Home,2024-10-25,189
P041,Home,2024-10-22,189
P041,Home,2024-10-21,189
P041,Home,2024-10-20,189
P041,Home,2024-10-18,189
P041,Home,2024-10-17,189
P042,Home,2025-03-26,260
P042,Home,2025-03-25,294
P042,Home,2025-03-24,294
P042,Home,2025-03-23,294
P042,Home,2025-03-22,294
P042,Home,2025-03-21,294
P042,Home,2025-03-20,294
P042,Home,2025-03-19,294
P042,Home,2025-03-18,292
P042,Home,2025-03-10,294
P042,Home,2025-03-06,281
P042,Home,2025-03-05,306
P042,Home,2025-03-04,281
P042,Home,2025-03-02,281
P042,Home,2025-03-01,277
P042,Home,2025-02-28,276
P042,Home,2025-02-26,260
P042,Home,2025-02-25,277
P042,Home,2025-02-24,277
P042,Home,2025-02-23,277
P042,Home,2025-02-22,277
P042,Home,2025-02-18,277
P042,Home,2025-02-17,277
P042,Home,2025-02-15,248
P042,Home,2025-02-10,297
P042,Home,2025-02-09,262
P042,Home,2025-02-08,265
P042,Home,2025-02-06,265
P042,Home,2025-02-05,265
P042,Home,2025-02-03,275
P042,Home,2025-02-01,300
P042,Home,2025-01-31,275
P042,Home,2025-01-30,275
P042,Home,2025-01-29,275
P042,Home,2025-01-28,275
P042,Home,2025-01-27,275
P042,Home,2025-01-26,300
P042,Home,2025-01-25,275
P042,Home,2025-01-24,275
P042,Home,2025-01-23,285
P042,Home,2025-01-22,275
P042,Home,2025-01-21,275
P042,Home,2025-01-20,275
P042,Home,2025-01-19,275
P042,Home,2025-01-17,275
P042,Home,2025-01-16,285
P042,Home,2025-01-14,282
P042,Home,2025-01-13,282
P042,Home,2025-01-12,282
P042,Home,2025-01-10,300
P042,Home,2025-01-09,300
P042,Home,2025-01-08,300
P042,Home,2025-01-07,285
P042,Home,2025-01-06,285
P042,Home,2025-01-05,285
P042,Home,2025-01-04,300
P042,Home,2025-01-03,300
P042,Home,2025-01-02,285
P042,Home,2024-12-31,275
P042,Home,2024-12-30,275
P042,Home,2024-12-29,300
P042,Home,2024-12-28,300
P042,Home,2024-12-25,275
P042,Home,2024-12-24,275
P042,Home,2024-12-22,300
P042,Home,2024-12-21,275
P042,Home,2024-12-20,285
P042,Home,2024-12-18,275
P042,Home,2024-12-16,275
P042,Home,2024-12-12,313
P042,Home,2024-12-10,313
P042,Home,2024-12-09,313
P042,Home,2024-12-08,313
P042,Home,2024-12-07,313
P042,Home,2024-12-06,313
P042,Home,2024-12-05,313
P042,Home,2024-12-04,313
P042,Home,2024-11-30,313
P042,Home,2024-11-29,298
P042,Home,2024-11-28,298
P042,Home,2024-11-27,298
P042,Home,2024-11-26,298
P042,Home,2024-11-25,298
P042,Home,2024-11-24,298
P042,Home,2024-11-23,298
P042,Home,2024-11-22,298
P042,Home,2024-11-20,298
P042,Home,2024-11-19,298
P042,Home,2024-11-18,298
P042,Home,2024-11-17,298
P042,Home,2024-11-15,298
P042,Home,2024-11-14,298
P042,Home,2024-11-13,298
P042,Home,2024-11-12,313
P042,Home,2024-11-11,313
P042,Home,2024-11-09,313
P042,Home,2024-11-08,313
P042,Home,2024-11-07,313
P042,Home,2024-11-06,313
P042,Home,2024-11-05,313
P042,Home,2024-11-04,313
P042,Home,2024-11-03,313
P042,Home,2024-11-02,313
P042,Home,2024-11-01,313
P042,Home,2024-10-31,272
P042,Home,2024-10-30,272
P042,Home,2024-10-29,272
P042,Home,2024-10-28,272
P042,Home,2024-10-27,272
P042,Home,2024-10-26,272
P042,Home,2024-10-25,272
P042,Home,2024-10-24,272
P042,Home,2024-10-23,272
P042,Home,2024-10-22,272
P042,Home,2024-10-21,247
P042,Home,2024-10-20,272
P042,Home,2024-10-19,272
P042,Home,2024-10-18,272
P042,Home,2024-10-17,272
P042,Home,2024-10-16,272
P043,Home,2025-03-26,247
P043,Home,2025-03-25,247
P043,Home,2025-03-24,247
P043,Home,2025-03-23,247
P043,Home,2025-03-22,247
P043,Home,2025-03-21,247
P043,Home,2025-03-20,247
P043,Home,2025-03-19,247
P043,Home,2025-03-18,247
P043,Home,2025-03-16,247
P043,Home,2025-03-14,247
P043,Home,2025-03-12,247
P043,Home,2025-03-11,247
P043,Home,2025-03-08,247
P043,Home,2025-03-07,247
P043,Home,2025-03-06,247
P043,Home,2025-03-05,247
P043,Home,2025-03-03,247
P043,Home,2025-03-02,247
P043,Home,2025-02-28,247
P043,Home,2025-02-26,249
P043,Home,2025-02-25,249
P043,Home,2025-02-22,249
P043,Home,2025-02-16,249
P043,Home,2025-02-15,249
P043,Home,2025-02-14,249
P043,Home,2025-02-13,249
P043,Home,2025-02-12,249
P043,Home,2025-02-11,249
P043,Home,2025-02-09,249
P043,Home,2025-01-31,249
P043,Home,2025-01-29,249
P044,Home,2025-02-11,1709
P044,Home,2024-04-17,1529
P044,Home,2024-01-16,1439
P044,Home,2023-12-27,1439
P044,Home,2023-12-23,1439
P044,Home,2023-12-17,1439
P044,Home,2023-11-30,1601
P044,Home,2023-11-23,1601
P044,Home,2023-11-06,1601
P044,Home,2023-11-01,1799
P044,Home,2023-10-09,1349
P044,Home,2023-10-05,1349
P044,Home,2023-09-10,1529
P044,Home,2022-03-11,1619
P044,Home,2022-01-27,1799
P044,Home,2022-01-11,1799
P044,Home,2021-12-29,1799
P045,Home,2025-03-26,928
P045,Home,2025-03-23,928
P045,Home,2025-01-17,955
P045,Home,2025-01-14,1124
P045,Home,2025-01-02,1124
P045,Home,2024-12-31,1124
P045,Home,2024-12-29,1124
P045,Home,2024-12-17,1124
P045,Home,2024-12-08,1124
P045,Home,2024-12-06,1124
P045,Home,2024-12-05,1124
P045,Home,2024-11-28,1124
P045,Home,2024-11-20,1124
P045,Home,2024-11-17,1124
P045,Home,2024-11-10,1124
P045,Home,2024-11-08,1124
P045,Home,2024-11-05,1124
P045,Home,2024-11-04,1124
P046,Home,2025-03-26,125
P046,Home,2025-03-25,125
P046,Home,2025-03-24,125
P046,Home,2025-03-23,125
P046,Home,2025-03-22,134
P046,Home,2025-03-21,134
P046,Home,2025-03-19,134
P046,Home,2025-03-17,134
P046,Home,2025-03-14,134
P046,Home,2025-03-13,134
P046,Home,2025-03-11,134
P046,Home,2025-03-10,140
P046,Home,2025-03-09,140
P046,Home,2025-03-08,140
P046,Home,2025-03-07,140
P046,Home,2025-03-06,140
P046,Home,2025-03-05,140
P046,Home,2025-03-04,140
P046,Home,2025-03-03,140
P046,Home,2025-03-02,140
P046,Home,2025-03-01,169
P046,Home,2025-02-28,147
P046,Home,2025-01-18,169
P046,Home,2025-01-16,169
P046,Home,2025-01-15,169
P046,Home,2025-01-14,169
P046,Home,2025-01-13,132
P046,Home,2025-01-10,132
P046,Home,2025-01-06,169
P046,Home,2025-01-05,132
P046,Home,2025-01-04,169
P047,Home,2025-02-15,189  
P047,Home,2025-02-18,169  
P047,Home,2025-02-21,169  
P047,Home,2025-02-23,169  
P047,Home,2025-02-25,169  
P047,Home,2025-02-26,169  
P047,Home,2025-03-03,170  
P047,Home,2025-03-14,189  
P047,Home,2025-03-15,189  
P047,Home,2025-03-17,189  
P047,Home,2025-03-19,188  
P047,Home,2025-03-23,188  
P047,Home,2025-03-24,179  
P047,Home,2025-03-25,179  
P047,Home,2025-03-26,179  
P047,Home,2025-03-27,179  
P048,Home,2024-09-28,399  
P048,Home,2024-09-30,444  
P048,Home,2024-10-01,444  
P048,Home,2024-10-02,444  
P048,Home,2024-10-04,444  
P048,Home,2024-10-05,444  
P048,Home,2024-10-07,444  
P048,Home,2024-10-08,444  
P048,Home,2024-10-22,444  
P048,Home,2024-11-11,444  
P048,Home,2024-11-29,474  
P048,Home,2024-12-01,474  
P048,Home,2024-12-02,474  
P048,Home,2024-12-09,474  
P048,Home,2024-12-14,599  
P048,Home,2024-12-24,599  
P048,Home,2024-12-28,599  
P048,Home,2024-12-30,599  
P048,Home,2025-01-03,599  
P048,Home,2025-01-05,599  
P048,Home,2025-01-30,599  
P048,Home,2025-02-01,444  
P048,Home,2025-02-15,599  
P048,Home,2025-02-20,599  
P048,Home,2025-02-23,599  
P048,Home,2025-03-15,447  
P048,Home,2025-03-18,480  
P048,Home,2025-03-19,480  
P048,Home,2025-03-26,480  
P049,Home,2024-10-15,757  
P049,Home,2024-12-09,999  
P049,Home,2024-12-13,765  
P049,Home,2024-12-22,999  
P050,Home,2024-09-28,899  
P050,Home,2024-09-29,899  
P050,Home,2024-09-30,899  
P050,Home,2024-10-01,899  
P050,Home,2024-10-02,899  
P050,Home,2024-10-03,899  
P050,Home,2024-10-04,899  
P050,Home,2024-10-05,899  
P050,Home,2024-10-06,899  
P050,Home,2024-10-07,899  
P050,Home,2024-10-09,899  
P050,Home,2024-10-10,899  
P050,Home,2024-10-11,899  
P050,Home,2024-10-12,899  
P050,Home,2024-10-13,899  
P050,Home,2024-10-14,899  
P050,Home,2024-10-15,899  
P050,Home,2024-10-16,854  
P050,Home,2024-10-17,899  
P050,Home,2024-10-18,899  
P050,Home,2024-10-19,899  
P050,Home,2024-10-20,854  
P050,Home,2024-10-21,854  
P050,Home,2024-10-22,854  
P050,Home,2024-10-23,854  
P050,Home,2024-10-24,854  
P050,Home,2024-10-25,854  
P050,Home,2024-10-26,854  
P050,Home,2024-10-27,899  
P050,Home,2024-10-28,899  
P050,Home,2024-10-29,754.25  
P050,Home,2024-10-31,899  
P050,Home,2024-11-03,899  
P050,Home,2024-11-04,899  
P050,Home,2024-11-05,899  
P050,Home,2024-11-06,899  
P050,Home,2024-11-07,899  
P050,Home,2024-11-08,899  
P050,Home,2024-11-09,899  
P050,Home,2024-11-10,854  
P050,Home,2024-11-11,854  
P050,Home,2024-11-12,854  
P050,Home,2024-11-13,854  
P050,Home,2024-11-14,854  
P050,Home,2024-11-15,854  
P050,Home,2024-11-16,854  
P050,Home,2024-11-17,854  
P050,Home,2024-11-18,854  
P050,Home,2024-11-19,854  
P050,Home,2024-11-20,854  
P050,Home,2024-11-22,854  
P050,Home,2024-11-24,899  
P050,Home,2024-11-25,899  
P050,Home,2024-11-27,899  
P050,Home,2024-12-01,854  
P050,Home,2024-12-03,854  
P050,Home,2024-12-08,854  
P050,Home,2024-12-10,899  
P050,Home,2024-12-17,899  
P050,Home,2024-12-18,899  
P050,Home,2024-12-21,899  
P050,Home,2024-12-25,899  
P050,Home,2025-01-04,854  
P050,Home,2025-01-06,854  
P050,Home,2025-01-10,854  
P050,Home,2025-01-14,899  
P050,Home,2025-02-03,890.01  
P050,Home,2025-02-09,899  
P050,Home,2025-02-11,899  
P050,Home,2025-02-21,899  
P050,Home,2025-02-27,899  
P050,Home,2025-02-28,899  
P050,Home,2025-03-03,899  
P050,Home,2025-03-05,899  
P050,Home,2025-03-07,899  
P050,Home,2025-03-08,899  
P050,Home,2025-03-09,899  
P050,Home,2025-03-10,899  
P050,Home,2025-03-20,854  
P051,Home,2024-09-28,1079  
P051,Home,2024-09-30,1079  
P051,Home,2024-10-01,1020  
P051,Home,2024-10-02,1020  
P051,Home,2024-10-03,1020  
P051,Home,2024-10-04,1020  
P051,Home,2024-10-05,1020  
P051,Home,2024-10-06,960  
P051,Home,2024-10-07,1020  
P051,Home,2024-10-09,1020  
P051,Home,2024-10-10,1020  
P051,Home,2024-10-11,1020  
P051,Home,2024-10-12,1020  
P051,Home,2024-10-14,1020  
P051,Home,2024-10-15,1020  
P051,Home,2024-10-18,1020  
P051,Home,2024-10-19,1020  
P051,Home,2024-10-20,1020  
P051,Home,2024-10-21,1020  
P051,Home,2024-10-22,1020  
P051,Home,2024-11-08,1199  
P051,Home,2024-11-09,1199  
P051,Home,2024-11-12,1199  
P051,Home,2024-11-13,1199  
P051,Home,2024-11-16,1199  
P051,Home,2024-11-18,1079  
P051,Home,2024-11-20,1079  
P051,Home,2024-11-23,1079  
P051,Home,2024-11-24,1079  
P051,Home,2024-11-26,1079  
P051,Home,2024-11-27,1079  
P051,Home,2024-11-28,1079  
P051,Home,2024-11-30,1079  
P051,Home,2024-12-01,1079  
P051,Home,2024-12-02,1079  
P051,Home,2024-12-03,1079  
P051,Home,2024-12-08,1079  
P051,Home,2024-12-10,1079  
P051,Home,2024-12-11,1079  
P051,Home,2024-12-12,1079  
P051,Home,2024-12-17,1079  
P051,Home,2024-12-19,1079  
P051,Home,2024-12-20,1079  
P051,Home,2024-12-21,1079  
P051,Home,2024-12-22,1079  
P051,Home,2024-12-23,1079  
P051,Home,2024-12-24,1079  
P051,Home,2024-12-25,1079  
P051,Home,2024-12-26,1079  
P051,Home,2024-12-27,1079  
P051,Home,2024-12-28,1079  
P051,Home,2024-12-30,1079  
P051,Home,2025-01-01,1020  
P051,Home,2025-01-03,1020  
P051,Home,2025-01-04,1020  
P051,Home,2025-01-05,1020  
P051,Home,2025-01-09,1020  
P051,Home,2025-01-13,1099  
P051,Home,2025-01-14,1099  
P051,Home,2025-01-15,1080  
P051,Home,2025-01-16,1080  
P051,Home,2025-01-18,1080  
P051,Home,2025-01-19,1080  
P051,Home,2025-01-20,1080  
P051,Home,2025-01-21,1099  
P051,Home,2025-01-22,1099  
P051,Home,2025-01-23,1099  
P051,Home,2025-01-27,1099  
P051,Home,2025-01-28,1099  
P051,Home,2025-01-30,1099  
P051,Home,2025-01-31,1099  
P051,Home,2025-02-01,1099  
P051,Home,2025-02-03,1049  
P051,Home,2025-02-04,1049  
P051,Home,2025-02-05,1049  
P051,Home,2025-02-06,1049  
P051,Home,2025-02-07,1049  
P051,Home,2025-02-08,960  
P051,Home,2025-02-09,960  
P051,Home,2025-02-10,960  
P051,Home,2025-02-11,960  
P051,Home,2025-02-12,960  
P051,Home,2025-02-13,960  
P051,Home,2025-02-15,960  
P051,Home,2025-02-16,960  
P051,Home,2025-02-17,960  
P051,Home,2025-02-18,960  
P051,Home,2025-02-19,960  
P051,Home,2025-02-20,960  
P051,Home,2025-02-21,960  
P051,Home,2025-02-22,960  
P051,Home,2025-02-23,960  
P051,Home,2025-02-24,960  
P051,Home,2025-02-25,960  
P051,Home,2025-02-26,960  
P051,Home,2025-02-27,960  
P051,Home,2025-02-28,1049  
P051,Home,2025-03-01,1050  
P051,Home,2025-03-03,1049  
P051,Home,2025-03-04,1049  
P051,Home,2025-03-06,1080  
P051,Home,2025-03-07,1079  
P051,Home,2025-03-08,1079  
P051,Home,2025-03-12,1080  
P051,Home,2025-03-14,1080  
P051,Home,2025-03-16,1080  
P051,Home,2025-03-17,1080  
P051,Home,2025-03-18,1065  
P051,Home,2025-03-19,1065  
P051,Home,2025-03-20,1065  
P051,Home,2025-03-21,1065  
P051,Home,2025-03-22,1065  
P051,Home,2025-03-24,1065  
P051,Home,2025-03-25,1065  
P051,Home,2025-03-26,1065  
P052,Home,2024-11-04,549  
P053,Home,2024-10-22,249
P053,Home,2024-10-23,249
P053,Home,2024-10-24,259
P053,Home,2024-10-25,259
P053,Home,2024-10-26,259
P053,Home,2024-10-27,259
P053,Home,2024-10-28,259
P053,Home,2024-10-29,268
P053,Home,2024-10-30,259
P053,Home,2024-10-31,259
P053,Home,2024-11-02,379
P053,Home,2024-11-03,379
P053,Home,2024-11-04,379
P053,Home,2024-11-05,379
P053,Home,2024-11-06,259
P053,Home,2024-11-07,259
P053,Home,2024-11-08,259
P053,Home,2024-11-09,259
P053,Home,2024-11-10,259
P053,Home,2024-11-11,289
P053,Home,2024-11-12,289
P053,Home,2024-11-13,379
P053,Home,2024-11-14,379
P053,Home,2024-11-15,379
P053,Home,2024-11-16,379
P053,Home,2024-11-17,379
P053,Home,2024-11-18,379
P053,Home,2024-11-19,379
P053,Home,2024-11-20,379
P053,Home,2024-11-21,379
P053,Home,2024-11-24,379
P053,Home,2024-11-25,275
P053,Home,2024-11-26,275
P053,Home,2024-11-27,275
P053,Home,2024-11-28,375
P053,Home,2024-11-29,375
P053,Home,2024-11-30,375
P053,Home,2024-12-01,375
P053,Home,2024-12-02,375
P053,Home,2024-12-03,375
P053,Home,2024-12-04,339
P053,Home,2024-12-05,339
P053,Home,2024-12-06,299
P053,Home,2024-12-07,299
P053,Home,2024-12-08,299
P053,Home,2024-12-09,299
P053,Home,2024-12-14,299
P053,Home,2024-12-15,299
P053,Home,2024-12-16,299
P053,Home,2024-12-17,299
P053,Home,2024-12-18,299
P053,Home,2024-12-19,299
P053,Home,2024-12-20,299
P053,Home,2024-12-21,299
P053,Home,2024-12-22,274
P053,Home,2024-12-23,274
P053,Home,2024-12-24,274
P053,Home,2024-12-25,274
P053,Home,2024-12-26,274
P053,Home,2024-12-27,299
P053,Home,2024-12-28,299
P053,Home,2024-12-29,274
P053,Home,2024-12-30,274
P053,Home,2024-12-31,274
P053,Home,2025-01-01,274
P053,Home,2025-01-02,274
P053,Home,2025-01-03,274
P053,Home,2025-01-04,274
P053,Home,2025-01-06,274
P053,Home,2025-01-13,281
P053,Home,2025-01-14,179
P053,Home,2025-01-16,179
P053,Home,2025-01-18,179
P053,Home,2025-01-19,179
P053,Home,2025-01-21,179
P053,Home,2025-01-22,179
P053,Home,2025-01-23,179
P053,Home,2025-01-24,179
P053,Home,2025-01-26,179
P053,Home,2025-01-27,179
P053,Home,2025-01-28,179
P053,Home,2025-01-29,179
P053,Home,2025-01-31,426
P053,Home,2025-02-03,339
P053,Home,2025-02-04,339
P053,Home,2025-02-06,339
P053,Home,2025-02-16,339
P053,Home,2025-02-17,339
P053,Home,2025-02-18,339
P053,Home,2025-02-23,339
P053,Home,2025-03-02,337
P053,Home,2025-03-04,337
P053,Home,2025-03-07,337
P053,Home,2025-03-08,337
P053,Home,2025-03-10,337
P053,Home,2025-03-11,337
P053,Home,2025-03-14,417
P053,Home,2025-03-18,337
P053,Home,2025-03-19,337
P053,Home,2025-03-20,323
P053,Home,2025-03-21,323
P053,Home,2025-03-22,323
P053,Home,2025-03-23,323
P054,Home,2024-04-11,400
P054,Home,2024-06-18,400
P054,Home,2024-06-20,400
P054,Home,2024-06-24,400
P054,Home,2024-10-04,299
P054,Home,2024-11-05,249
P054,Home,2024-12-21,224
P054,Home,2025-03-11,249
P054,Home,2025-03-20,219
P054,Home,2025-03-21,219
P055,Home,2025-03-17,404  
P055,Home,2025-03-18,404  
P055,Home,2025-03-19,404  
P055,Home,2025-03-20,404  
P055,Home,2025-03-21,404  
P055,Home,2025-03-22,404  
P055,Home,2025-03-23,404  
P055,Home,2025-03-24,404  
P055,Home,2025-03-25,404  
P056,Home,2024-10-21,286
P056,Home,2024-10-22,286
P056,Home,2024-10-23,286
P056,Home,2024-10-24,286
P056,Home,2024-10-25,286
P056,Home,2024-10-26,286
P056,Home,2024-10-27,287
P056,Home,2024-10-28,287
P056,Home,2024-10-29,287
P056,Home,2024-10-30,287
P056,Home,2024-10-31,287
P056,Home,2024-11-01,287
P056,Home,2024-11-02,287
P056,Home,2024-11-03,259
P056,Home,2024-11-04,259
P056,Home,2024-11-05,259
P056,Home,2024-11-06,259
P056,Home,2024-11-07,259
P056,Home,2024-11-08,259
P056,Home,2024-11-09,325
P056,Home,2024-11-10,259
P056,Home,2024-11-11,259
P056,Home,2024-11-12,259
P056,Home,2024-11-13,325
P056,Home,2024-11-14,327
P056,Home,2024-11-15,275.42
P056,Home,2024-11-16,325
P056,Home,2024-11-17,327
P056,Home,2024-11-18,325
P056,Home,2024-11-19,325
P056,Home,2024-11-20,326
P056,Home,2024-11-21,285
P056,Home,2024-11-22,285
P056,Home,2024-11-23,285
P056,Home,2024-11-24,285
P056,Home,2024-11-25,285
P056,Home,2024-11-26,285
P056,Home,2024-11-27,285
P056,Home,2024-11-28,285
P056,Home,2024-11-29,285
P056,Home,2024-11-30,286
P056,Home,2024-12-01,286
P056,Home,2024-12-02,356
P056,Home,2024-12-03,356
P056,Home,2024-12-04,356
P056,Home,2024-12-05,356
P056,Home,2024-12-06,356
P056,Home,2024-12-07,356
P056,Home,2024-12-08,356
P056,Home,2024-12-09,356
P056,Home,2024-12-10,394
P056,Home,2024-12-11,394
P056,Home,2024-12-12,394
P056,Home,2024-12-13,325
P056,Home,2024-12-14,325
P056,Home,2024-12-15,325
P056,Home,2024-12-17,325
P056,Home,2024-12-19,325
P056,Home,2024-12-26,325
P056,Home,2024-12-28,325
P056,Home,2024-12-29,326
P056,Home,2024-12-30,325
P056,Home,2024-12-31,326
P056,Home,2025-01-01,326
P056,Home,2025-01-02,348
P056,Home,2025-01-03,348
P056,Home,2025-01-04,348
P056,Home,2025-01-07,348
P056,Home,2025-01-08,348
P056,Home,2025-01-09,348
P056,Home,2025-01-10,287
P056,Home,2025-01-11,348
P056,Home,2025-01-12,348
P056,Home,2025-01-13,269
P056,Home,2025-01-14,269
P056,Home,2025-01-15,269
P056,Home,2025-01-16,269
P056,Home,2025-01-17,269
P056,Home,2025-01-18,269
P056,Home,2025-01-24,318
P056,Home,2025-01-26,318
P056,Home,2025-01-27,318
P056,Home,2025-01-29,318
P056,Home,2025-01-30,318
P056,Home,2025-01-31,318
P056,Home,2025-02-01,318
P056,Home,2025-02-02,318
P056,Home,2025-02-03,318
P056,Home,2025-02-04,318
P056,Home,2025-02-05,318
P056,Home,2025-02-06,295
P056,Home,2025-02-08,295
P056,Home,2025-02-10,295
P056,Home,2025-02-11,295
P056,Home,2025-02-13,295
P056,Home,2025-02-14,295
P056,Home,2025-02-15,295
P056,Home,2025-02-16,264
P056,Home,2025-02-17,264
P056,Home,2025-02-18,264
P056,Home,2025-02-21,259
P056,Home,2025-02-22,259
P056,Home,2025-02-23,259
P056,Home,2025-02-25,259
P056,Home,2025-02-26,259
P056,Home,2025-02-28,259
P056,Home,2025-03-01,259
P056,Home,2025-03-02,259
P056,Home,2025-03-06,259
P056,Home,2025-03-08,259
P056,Home,2025-03-10,259
P056,Home,2025-03-11,259
P056,Home,2025-03-12,259
P056,Home,2025-03-13,245
P056,Home,2025-03-15,245
P056,Home,2025-03-17,245
P056,Home,2025-03-18,245
P056,Home,2025-03-20,258
P056,Home,2025-03-24,258
P056,Home,2025-03-25,258
P057,Home,2024-12-05,702
P057,Home,2024-12-15,499
P057,Home,2024-12-16,589
P057,Home,2024-12-17,599
P057,Home,2024-12-18,599
P057,Home,2024-12-19,599
P057,Home,2024-12-20,599
P057,Home,2024-12-23,599
P057,Home,2024-12-24,599
P057,Home,2024-12-25,599
P057,Home,2024-12-26,599
P057,Home,2024-12-28,599
P057,Home,2024-12-29,599
P057,Home,2024-12-30,588
P057,Home,2025-01-02,599
P057,Home,2025-01-03,599
P057,Home,2025-01-04,599
P057,Home,2025-01-05,499
P057,Home,2025-01-06,599
P057,Home,2025-01-07,599
P057,Home,2025-01-08,599
P057,Home,2025-01-09,599
P057,Home,2025-01-10,499
P057,Home,2025-01-11,599
P057,Home,2025-01-12,599
P057,Home,2025-01-13,570
P057,Home,2025-01-14,570
P057,Home,2025-01-15,570
P057,Home,2025-01-16,569
P057,Home,2025-01-17,569
P057,Home,2025-01-18,569
P057,Home,2025-01-19,599
P057,Home,2025-01-20,599
P057,Home,2025-01-21,599
P057,Home,2025-01-22,599
P057,Home,2025-01-25,599
P057,Home,2025-01-26,599
P057,Home,2025-01-27,599
P057,Home,2025-01-28,599
P057,Home,2025-01-29,599
P057,Home,2025-01-30,599
P057,Home,2025-01-31,599
P057,Home,2025-02-01,599
P057,Home,2025-02-02,599
P057,Home,2025-02-03,599
P057,Home,2025-02-04,599
P057,Home,2025-02-05,599
P057,Home,2025-02-06,599
P057,Home,2025-02-07,599
P057,Home,2025-02-08,599
P057,Home,2025-02-09,599
P057,Home,2025-02-10,599
P057,Home,2025-02-11,599
P057,Home,2025-02-12,599
P057,Home,2025-02-13,599
P057,Home,2025-02-14,599
P057,Home,2025-02-15,599
P057,Home,2025-02-16,591
P057,Home,2025-02-17,591
P057,Home,2025-02-18,591
P057,Home,2025-02-20,591
P057,Home,2025-02-21,591
P057,Home,2025-02-22,591
P057,Home,2025-02-23,591
P057,Home,2025-02-24,591
P057,Home,2025-02-25,591
P057,Home,2025-02-26,591
P057,Home,2025-02-27,591
P057,Home,2025-02-28,591
P057,Home,2025-03-01,591
P057,Home,2025-03-02,591
P057,Home,2025-03-03,591
P057,Home,2025-03-05,598
P057,Home,2025-03-06,598
P057,Home,2025-03-07,598
P057,Home,2025-03-08,598
P057,Home,2025-03-09,598
P057,Home,2025-03-10,598
P057,Home,2025-03-11,598
P057,Home,2025-03-12,598
P057,Home,2025-03-13,598
P057,Home,2025-03-15,598
P057,Home,2025-03-17,541
P057,Home,2025-03-18,541
P057,Home,2025-03-19,541
P057,Home,2025-03-20,541
P057,Home,2025-03-21,541
P057,Home,2025-03-22,541
P057,Home,2025-03-23,541
P057,Home,2025-03-24,541
P057,Home,2025-03-25,541
P057,Home,2025-03-26,541
P058,Home,2024-10-04,4299
P058,Home,2024-10-05,4299
P058,Home,2024-10-06,4299
P058,Home,2024-10-07,4299
P058,Home,2024-10-08,4299
P058,Home,2024-10-09,4299
P058,Home,2024-10-10,4299
P058,Home,2024-10-11,4299
P058,Home,2024-10-12,4299
P058,Home,2024-10-13,4299
P058,Home,2024-10-14,4299
P058,Home,2024-10-15,4299
P058,Home,2024-10-16,4299
P058,Home,2024-10-17,4299
P058,Home,2024-10-18,4299
P058,Home,2024-10-19,4299
P058,Home,2024-10-20,4299
P058,Home,2024-10-21,4299
P058,Home,2024-10-22,4299
P058,Home,2024-10-28,5033.06
P058,Home,2024-11-02,5033.06
P058,Home,2024-11-06,5499
P058,Home,2024-11-07,5499
P058,Home,2024-11-08,4194.08
P058,Home,2024-11-09,4999
P058,Home,2024-11-10,4999
P058,Home,2024-11-11,4999
P058,Home,2024-11-13,4999
P058,Home,2024-11-14,4999
P058,Home,2024-11-15,4999
P058,Home,2024-11-16,4999
P058,Home,2024-11-17,4194.08
P058,Home,2024-11-18,4999
P058,Home,2024-11-19,4999
P058,Home,2024-11-21,4999
P058,Home,2024-11-22,4999
P058,Home,2024-11-24,4999
P058,Home,2024-11-26,4999
P058,Home,2024-11-27,4999
P058,Home,2024-11-28,4999
P058,Home,2024-11-29,4999
P058,Home,2024-11-30,4999
P058,Home,2024-12-01,4999
P058,Home,2024-12-02,4999
P058,Home,2024-12-03,4999
P058,Home,2024-12-04,4999
P058,Home,2024-12-05,4999
P058,Home,2024-12-08,4999
P058,Home,2024-12-09,4999
P058,Home,2024-12-11,4999
P058,Home,2024-12-13,4999
P058,Home,2024-12-23,4999
P058,Home,2024-12-24,4999
P058,Home,2024-12-26,4999
P058,Home,2024-12-29,4949.01
P058,Home,2024-12-30,4799
P058,Home,2024-12-31,4799
P058,Home,2025-01-03,4799
P058,Home,2025-01-05,4799
P058,Home,2025-01-06,4499
P058,Home,2025-01-07,4499
P058,Home,2025-01-08,4499
P058,Home,2025-01-10,4499
P058,Home,2025-01-11,4499
P058,Home,2025-01-13,4499
P058,Home,2025-01-16,3999
P058,Home,2025-01-17,3999
P058,Home,2025-01-18,3999
P058,Home,2025-01-19,3999
P058,Home,2025-01-21,3959.01
P058,Home,2025-01-30,3999
P058,Home,2025-01-31,3999
P058,Home,2025-02-04,3860.01
P058,Home,2025-02-05,3899
P058,Home,2025-02-06,3899
P058,Home,2025-02-11,3899
P058,Home,2025-02-13,3899
P058,Home,2025-02-17,3899
P058,Home,2025-02-20,3899
P058,Home,2025-02-23,3899
P058,Home,2025-02-24,3899
P058,Home,2025-02-27,3860.01
P058,Home,2025-03-07,3899
P058,Home,2025-03-09,3899
P058,Home,2025-03-11,3899
P059,Home,2024-10-16,109
P059,Home,2024-10-17,129
P059,Home,2024-10-18,129
P059,Home,2024-10-19,129
P059,Home,2024-10-20,129
P059,Home,2024-10-21,129
P059,Home,2024-10-22,109
P059,Home,2024-10-23,109
P059,Home,2024-10-24,109
P059,Home,2024-10-25,109
P059,Home,2024-10-26,109
P059,Home,2024-10-27,109
P059,Home,2024-10-28,129
P059,Home,2024-10-29,109
P059,Home,2024-10-30,109
P059,Home,2024-10-31,109
P059,Home,2024-11-01,109
P059,Home,2024-11-02,109
P059,Home,2024-11-03,109
P059,Home,2024-11-04,109
P059,Home,2024-11-05,109
P059,Home,2024-11-06,109
P059,Home,2024-11-07,129
P059,Home,2024-11-08,109
P059,Home,2024-11-09,129
P059,Home,2024-11-10,129
P059,Home,2024-11-11,129
P059,Home,2024-11-13,129
P059,Home,2024-11-14,129
P059,Home,2024-11-15,129
P059,Home,2024-11-16,129
P059,Home,2024-11-17,129
P059,Home,2024-11-18,129
P059,Home,2024-11-19,129
P059,Home,2024-11-20,129
P059,Home,2024-11-21,129
P059,Home,2024-11-22,129
P059,Home,2024-11-23,129
P059,Home,2024-11-24,129
P059,Home,2024-11-25,129
P059,Home,2024-11-26,129
P059,Home,2024-11-27,129
P059,Home,2024-11-29,129
P059,Home,2024-11-30,109
P059,Home,2024-12-01,109
P059,Home,2024-12-02,109
P059,Home,2024-12-03,109
P059,Home,2024-12-04,109
P059,Home,2024-12-05,109
P059,Home,2024-12-06,109
P059,Home,2024-12-07,109
P059,Home,2024-12-08,109
P059,Home,2024-12-09,98.1
P059,Home,2024-12-10,109
P059,Home,2024-12-13,109
P059,Home,2024-12-14,109
P059,Home,2024-12-17,109
P059,Home,2024-12-19,109
P059,Home,2024-12-20,109
P059,Home,2024-12-21,109
P059,Home,2024-12-23,109
P059,Home,2024-12-24,109
P059,Home,2024-12-25,109
P059,Home,2024-12-26,109
P059,Home,2024-12-27,109
P059,Home,2024-12-29,109
P059,Home,2024-12-30,109
P059,Home,2025-01-01,109
P059,Home,2025-01-02,109
P059,Home,2025-01-04,109
P059,Home,2025-01-08,109
P059,Home,2025-01-11,109
P059,Home,2025-01-14,109
P059,Home,2025-01-15,109
P059,Home,2025-01-16,109
P059,Home,2025-01-17,109
P059,Home,2025-01-18,109
P059,Home,2025-01-19,129
P059,Home,2025-01-20,109
P059,Home,2025-01-21,109
P059,Home,2025-01-25,109
P059,Home,2025-01-27,109
P059,Home,2025-01-28,109
P059,Home,2025-01-29,109
P059,Home,2025-01-31,109
P059,Home,2025-02-01,109
P059,Home,2025-02-05,109
P059,Home,2025-02-07,109
P059,Home,2025-02-08,109
P059,Home,2025-02-11,109
P059,Home,2025-02-13,109
P059,Home,2025-02-15,109
P059,Home,2025-02-16,109
P059,Home,2025-02-17,109
P059,Home,2025-02-18,109
P059,Home,2025-02-19,109
P059,Home,2025-02-23,109
P059,Home,2025-02-24,109
P059,Home,2025-02-25,109
P059,Home,2025-02-26,109
P059,Home,2025-02-27,109
P059,Home,2025-02-28,109
P059,Home,2025-03-03,109
P059,Home,2025-03-04,109
P059,Home,2025-03-06,109
P059,Home,2025-03-07,109
P059,Home,2025-03-08,109
P059,Home,2025-03-10,109
P059,Home,2025-03-11,109
P059,Home,2025-03-13,109
P059,Home,2025-03-14,109
P059,Home,2025-03-16,109
P059,Home,2025-03-17,109
P059,Home,2025-03-19,109
P059,Home,2025-03-20,109
P059,Home,2025-03-21,109
P059,Home,2025-03-22,109
P059,Home,2025-03-23,109
P059,Home,2025-03-25,109
P059,Home,2025-03-26,109
P060,Home,2025-03-12,1329  
P060,Home,2025-03-13,1279  
P060,Home,2025-03-20,1329  
P060,Home,2025-03-21,1279  
P060,Home,2025-03-22,1279  
P060,Home,2025-03-24,1279  
P060,Home,2025-03-25,1279  
P061,Home,2024-09-22,184
P061,Home,2024-09-24,184
P061,Home,2024-09-26,229
P061,Home,2024-09-27,229
P061,Home,2024-09-28,184
P061,Home,2024-09-29,184
P061,Home,2024-09-30,184
P061,Home,2024-10-01,184
P061,Home,2024-10-02,184
P061,Home,2024-10-03,184
P061,Home,2024-10-04,184
P061,Home,2024-10-07,184
P061,Home,2024-10-09,184
P061,Home,2024-10-13,184
P061,Home,2024-10-20,229
P061,Home,2024-10-24,184
P061,Home,2024-10-25,184
P061,Home,2024-10-27,184
P061,Home,2024-10-28,184
P061,Home,2024-10-29,184
P061,Home,2024-10-30,184
P061,Home,2024-11-02,184
P061,Home,2024-11-03,184
P061,Home,2024-11-05,184
P061,Home,2024-11-06,184
P061,Home,2024-11-13,184
P061,Home,2024-11-14,184
P061,Home,2024-11-17,184
P061,Home,2024-11-20,184
P061,Home,2024-11-28,184
P061,Home,2024-11-29,184
P061,Home,2024-12-01,184
P061,Home,2024-12-02,184
P061,Home,2024-12-07,184
P061,Home,2024-12-08,184
P061,Home,2024-12-09,184
P061,Home,2024-12-11,184
P061,Home,2024-12-20,184
P061,Home,2024-12-22,184
P061,Home,2024-12-23,159
P061,Home,2024-12-30,184
P061,Home,2024-12-31,159
P061,Home,2025-01-02,159
P061,Home,2025-01-07,159
P061,Home,2025-01-09,184
P061,Home,2025-01-10,166
P061,Home,2025-01-13,166
P061,Home,2025-01-15,184
P061,Home,2025-01-17,184
P061,Home,2025-01-18,159
P061,Home,2025-01-21,184
P061,Home,2025-01-23,159
P061,Home,2025-01-24,159
P061,Home,2025-01-29,159
P061,Home,2025-01-30,159
P061,Home,2025-02-03,159
P061,Home,2025-02-07,149
P061,Home,2025-02-13,149
P061,Home,2025-02-14,149
P061,Home,2025-02-16,184
P061,Home,2025-02-17,184
P061,Home,2025-02-18,184
P061,Home,2025-02-19,184
P061,Home,2025-02-21,184
P061,Home,2025-02-23,184
P061,Home,2025-02-24,184
P061,Home,2025-02-27,184
P061,Home,2025-03-02,198
P061,Home,2025-03-03,184
P061,Home,2025-03-04,184
P061,Home,2025-03-06,184
P061,Home,2025-03-07,184
P061,Home,2025-03-10,203
P061,Home,2025-03-11,184
P061,Home,2025-03-15,203
P061,Home,2025-03-20,184
P062,Home,2024-10-10,1649
P062,Home,2024-11-21,1649
P062,Home,2025-01-31,459
P062,Home,2025-02-19,277
P062,Home,2025-03-02,274
P062,Home,2025-03-10,274
P062,Home,2025-03-11,274
P062,Home,2025-03-24,283
P063,Home,2024-10-19,749
P063,Home,2024-10-31,597
P063,Home,2024-11-04,597
P063,Home,2024-11-05,597
P063,Home,2024-11-11,489
P063,Home,2024-11-14,495
P063,Home,2024-11-15,489
P063,Home,2024-11-17,484
P063,Home,2024-11-18,484
P063,Home,2024-11-20,499
P063,Home,2024-11-21,499
P063,Home,2024-11-22,499
P063,Home,2024-11-24,485
P063,Home,2024-11-26,483
P063,Home,2024-11-27,481
P063,Home,2024-11-29,481
P063,Home,2024-12-03,483
P063,Home,2024-12-04,499
P063,Home,2024-12-10,481
P063,Home,2024-12-11,465
P063,Home,2024-12-14,463
P063,Home,2024-12-16,473
P063,Home,2024-12-17,455
P063,Home,2024-12-18,473
P063,Home,2024-12-19,473
P063,Home,2024-12-20,473
P063,Home,2024-12-21,473
P063,Home,2024-12-22,473
P063,Home,2024-12-23,473
P063,Home,2024-12-24,473
P063,Home,2024-12-25,473
P063,Home,2024-12-26,434
P063,Home,2024-12-27,434
P063,Home,2024-12-28,434
P063,Home,2024-12-29,434
P063,Home,2025-01-02,449
P063,Home,2025-01-03,457
P063,Home,2025-01-09,434
P063,Home,2025-01-11,434
P063,Home,2025-01-15,430
P063,Home,2025-01-18,430
P063,Home,2025-01-19,599
P063,Home,2025-01-20,599
P063,Home,2025-01-21,446
P063,Home,2025-01-24,459
P063,Home,2025-01-25,459
P063,Home,2025-01-30,459
P063,Home,2025-01-31,459
P063,Home,2025-02-03,478
P063,Home,2025-02-04,478
P063,Home,2025-02-05,474
P063,Home,2025-02-06,469
P063,Home,2025-02-09,478
P063,Home,2025-02-10,478
P063,Home,2025-02-11,478
P063,Home,2025-02-12,474
P063,Home,2025-02-13,474
P063,Home,2025-02-14,472
P063,Home,2025-02-16,472
P063,Home,2025-02-17,491
P063,Home,2025-02-18,473
P063,Home,2025-02-19,470
P063,Home,2025-02-21,470
P063,Home,2025-02-23,459
P063,Home,2025-02-25,469
P063,Home,2025-02-26,469
P063,Home,2025-02-28,470
P063,Home,2025-03-01,470
P063,Home,2025-03-06,432
P063,Home,2025-03-08,432
P063,Home,2025-03-09,432
P063,Home,2025-03-10,432
P063,Home,2025-03-12,442
P063,Home,2025-03-24,439
P063,Home,2025-03-26,560
P064,Home,2024-11-19,298.8
P064,Home,2024-11-28,298.8
P064,Home,2024-11-29,298.8
P064,Home,2024-11-30,298
P064,Home,2024-12-01,298.8
P064,Home,2024-12-02,298.8
P064,Home,2024-12-03,298.8
P064,Home,2024-12-04,298.8
P064,Home,2024-12-05,298.8
P064,Home,2024-12-06,298.8
P064,Home,2024-12-07,298.8
P064,Home,2024-12-08,298.8
P064,Home,2024-12-09,298.8
P064,Home,2024-12-10,298.8
P064,Home,2024-12-11,298.8
P064,Home,2024-12-12,298.8
P064,Home,2024-12-13,298.8
P064,Home,2024-12-14,298.8
P064,Home,2024-12-15,298.8
P064,Home,2024-12-16,384
P064,Home,2024-12-17,298.8
P064,Home,2024-12-18,298.8
P064,Home,2024-12-19,298.8
P064,Home,2024-12-20,280.87
P064,Home,2024-12-21,280.87
P064,Home,2024-12-22,280.87
P064,Home,2024-12-23,282.07
P064,Home,2024-12-24,282.07
P064,Home,2024-12-25,298.8
P064,Home,2024-12-26,298.8
P064,Home,2024-12-27,298.8
P064,Home,2024-12-28,298.8
P064,Home,2024-12-29,298.8
P064,Home,2024-12-30,298.8
P064,Home,2024-12-31,298.8
P064,Home,2025-01-01,298.8
P064,Home,2025-01-02,298.8
P064,Home,2025-01-03,298.8
P064,Home,2025-01-04,298.8
P064,Home,2025-01-05,298.8
P064,Home,2025-01-06,298.8
P064,Home,2025-01-07,298.8
P064,Home,2025-01-08,298.8
P064,Home,2025-01-09,298.8
P064,Home,2025-01-10,298.8
P064,Home,2025-01-11,298.8
P064,Home,2025-01-12,298.8
P064,Home,2025-01-13,298.8
P064,Home,2025-01-14,282.07
P064,Home,2025-01-15,282.07
P064,Home,2025-01-16,268.92
P064,Home,2025-01-17,268.92
P064,Home,2025-01-18,270.41
P064,Home,2025-01-19,274.9
P064,Home,2025-01-20,274.9
P064,Home,2025-01-21,298.8
P064,Home,2025-01-22,298.8
P064,Home,2025-01-23,298.8
P064,Home,2025-01-24,298.8
P064,Home,2025-01-25,298.8
P064,Home,2025-01-26,298.8
P064,Home,2025-01-27,298.8
P064,Home,2025-01-28,298.8
P064,Home,2025-01-29,298.8
P064,Home,2025-01-30,308
P064,Home,2025-01-31,298.8
P064,Home,2025-02-01,298.8
P064,Home,2025-02-02,298.8
P064,Home,2025-02-03,298.8
P064,Home,2025-02-04,298.8
P064,Home,2025-02-05,298.8
P064,Home,2025-02-06,308
P064,Home,2025-02-07,298.8
P064,Home,2025-02-08,298.8
P064,Home,2025-02-09,308
P064,Home,2025-02-10,298.8
P064,Home,2025-02-11,298.8
P064,Home,2025-02-12,298.8
P064,Home,2025-02-13,298.8
P064,Home,2025-02-14,298.8
P064,Home,2025-02-15,298.8
P064,Home,2025-02-16,299
P064,Home,2025-02-17,298
P064,Home,2025-02-18,329
P064,Home,2025-02-19,298.8
P064,Home,2025-02-20,298.8
P064,Home,2025-02-21,298.8
P064,Home,2025-02-22,298.8
P064,Home,2025-02-23,299
P064,Home,2025-02-24,298.8
P064,Home,2025-02-25,298.8
P064,Home,2025-02-26,298.8
P064,Home,2025-02-27,298.8
P064,Home,2025-02-28,299
P064,Home,2025-03-01,263.94
P064,Home,2025-03-02,299
P064,Home,2025-03-03,298.8
P064,Home,2025-03-04,298.8
P064,Home,2025-03-05,298.8
P064,Home,2025-03-06,299
P064,Home,2025-03-07,263.94
P064,Home,2025-03-08,263.94
P064,Home,2025-03-09,299
P064,Home,2025-03-10,299
P064,Home,2025-03-11,298.8
P064,Home,2025-03-12,298.8
P064,Home,2025-03-13,299
P064,Home,2025-03-14,299
P064,Home,2025-03-15,299
P064,Home,2025-03-16,299
P064,Home,2025-03-17,298.8
P064,Home,2025-03-18,298.8
P064,Home,2025-03-19,298.8
P064,Home,2025-03-20,490
P064,Home,2025-03-21,263.94
P064,Home,2025-03-22,263.94
P064,Home,2025-03-23,298.8
P064,Home,2025-03-24,298.8
P064,Home,2025-03-25,298.8
P064,Home,2025-03-26,243
P065,Home,2023-10-15,789  
P065,Home,2023-11-03,749  
P065,Home,2023-11-22,789  
P065,Home,2023-12-03,789  
P065,Home,2024-09-25,635  
P065,Home,2024-10-02,635  
P065,Home,2024-10-05,645  
P065,Home,2024-10-06,635  
P065,Home,2024-10-25,635  
P065,Home,2024-12-30,669  
P065,Home,2024-12-31,669  
P065,Home,2025-01-01,669  
P065,Home,2025-01-14,669  
P066,Home,2025-01-12,299  
P066,Home,2025-01-23,299  
P066,Home,2025-03-22,358  
P066,Home,2025-03-23,358  
P067,Home,2024-09-26,186
P067,Home,2024-09-27,186
P067,Home,2024-10-06,186
P067,Home,2024-10-11,186
P067,Home,2024-10-14,186
P067,Home,2024-10-24,190
P067,Home,2024-10-25,186
P067,Home,2024-10-26,186
P067,Home,2024-11-04,186
P067,Home,2024-11-05,186
P067,Home,2024-12-05,186
P067,Home,2024-12-12,127
P067,Home,2024-12-13,127
P067,Home,2024-12-17,127
P067,Home,2024-12-19,127
P067,Home,2024-12-25,100
P067,Home,2024-12-26,100
P067,Home,2025-01-05,133
P067,Home,2025-01-09,132
P067,Home,2025-01-11,114
P067,Home,2025-01-18,108
P067,Home,2025-02-06,133
P067,Home,2025-02-15,133
P067,Home,2025-03-07,104
P068,Home,2024-10-10,8999
P068,Home,2024-11-05,8999
P068,Home,2024-11-08,8999
P068,Home,2024-11-11,8999
P068,Home,2024-11-26,8999
P068,Home,2025-01-30,8899
P068,Home,2025-02-01,8899
P068,Home,2025-02-15,8999
P068,Home,2025-02-16,8999
P068,Home,2025-02-18,8999
P069,Home,2025-03-17,1299
P069,Home,2025-03-18,1299
P069,Home,2025-03-19,1299
P069,Home,2025-03-20,1299
P069,Home,2025-03-21,1299
P069,Home,2025-03-22,1299
P069,Home,2025-03-23,1299
P069,Home,2025-03-24,1299
P070,Home,2024-09-17,990
P070,Home,2024-11-06,990
P070,Home,2024-11-24,990
P070,Home,2024-12-01,990
P070,Home,2024-12-02,990
P070,Home,2024-12-04,990
P070,Home,2024-12-05,990
P070,Home,2024-12-06,990
P070,Home,2024-12-08,990
P070,Home,2024-12-09,990
P070,Home,2024-12-10,990
P070,Home,2025-02-11,990
P070,Home,2025-02-16,990
P070,Home,2025-02-17,990
P070,Home,2025-02-18,990
P070,Home,2025-02-19,990
P070,Home,2025-02-20,990
P070,Home,2025-02-21,990
P070,Home,2025-02-22,990
P070,Home,2025-02-24,990
P070,Home,2025-02-25,990
P070,Home,2025-02-26,990
P070,Home,2025-02-27,990
P070,Home,2025-03-02,990
P070,Home,2025-03-03,990
P070,Home,2025-03-04,990
P070,Home,2025-03-07,990
P070,Home,2025-03-09,990
P070,Home,2025-03-10,990
P070,Home,2025-03-12,990
P070,Home,2025-03-13,990
P070,Home,2025-03-14,990
P070,Home,2025-03-15,990
P070,Home,2025-03-18,990
P070,Home,2025-03-20,990
P070,Home,2025-03-21,990
P070,Home,2025-03-23,990
P070,Home,2025-03-24,990
P070,Home,2025-03-25,990
P071,Kitchen,2025-02-04,20990
P071,Kitchen,2025-02-05,25341
P071,Kitchen,2025-02-07,20990
P071,Kitchen,2025-02-08,22990
P071,Kitchen,2025-02-09,20990
P071,Kitchen,2025-02-10,20990
P071,Kitchen,2025-02-11,20990
P071,Kitchen,2025-02-12,20990
P071,Kitchen,2025-02-13,20990
P071,Kitchen,2025-02-14,20990
P071,Kitchen,2025-02-15,20990
P071,Kitchen,2025-02-16,20990
P071,Kitchen,2025-02-17,22990
P071,Kitchen,2025-02-18,20990
P071,Kitchen,2025-02-19,20990
P071,Kitchen,2025-02-20,20990
P071,Kitchen,2025-02-21,20990
P071,Kitchen,2025-02-22,20990
P071,Kitchen,2025-02-23,20990
P071,Kitchen,2025-02-24,20990
P071,Kitchen,2025-02-25,20990
P071,Kitchen,2025-02-26,20990
P071,Kitchen,2025-02-27,20990
P071,Kitchen,2025-02-28,20990
P071,Kitchen,2025-03-01,20990
P071,Kitchen,2025-03-02,20990
P071,Kitchen,2025-03-03,20990
P071,Kitchen,2025-03-04,20990
P071,Kitchen,2025-03-05,20990
P071,Kitchen,2025-03-06,20990
P071,Kitchen,2025-03-07,20990
P071,Kitchen,2025-03-08,20990
P071,Kitchen,2025-03-09,20990
P071,Kitchen,2025-03-10,20990
P071,Kitchen,2025-03-11,20990
P071,Kitchen,2025-03-12,20990
P071,Kitchen,2025-03-13,20990
P071,Kitchen,2025-03-14,20990
P071,Kitchen,2025-03-15,20990
P071,Kitchen,2025-03-16,20990
P071,Kitchen,2025-03-17,20990
P071,Kitchen,2025-03-18,20990
P071,Kitchen,2025-03-19,20990
P071,Kitchen,2025-03-20,20990
P071,Kitchen,2025-03-21,20990
P071,Kitchen,2025-03-22,20990
P071,Kitchen,2025-03-23,20990
P071,Kitchen,2025-03-24,20990
P071,Kitchen,2025-03-25,20990
P071,Kitchen,2025-03-26,20990
P071,Kitchen,2025-03-27,20990
P071,Kitchen,2025-03-28,20990
P071,Kitchen,2025-03-29,20990
P071,Kitchen,2025-03-30,20990
P072,Kitchen,2024-10-09,419
P072,Kitchen,2024-10-13,288
P072,Kitchen,2024-10-18,295
P072,Kitchen,2024-10-20,295
P072,Kitchen,2024-10-21,295
P072,Kitchen,2024-10-22,295
P072,Kitchen,2024-10-25,265
P072,Kitchen,2024-10-26,265
P072,Kitchen,2024-11-05,266
P072,Kitchen,2024-11-10,263
P072,Kitchen,2024-11-13,266
P072,Kitchen,2024-11-14,266
P072,Kitchen,2024-11-15,240
P072,Kitchen,2024-11-19,240
P072,Kitchen,2024-11-20,240
P072,Kitchen,2024-11-22,237
P072,Kitchen,2024-11-25,237
P072,Kitchen,2024-12-06,237
P072,Kitchen,2024-12-10,237
P072,Kitchen,2024-12-13,237
P072,Kitchen,2024-12-14,237
P072,Kitchen,2024-12-23,195
P072,Kitchen,2024-12-24,195
P072,Kitchen,2024-12-25,195
P072,Kitchen,2024-12-31,195
P072,Kitchen,2025-01-03,214
P072,Kitchen,2025-01-04,214
P072,Kitchen,2025-01-05,195
P072,Kitchen,2025-01-06,195
P072,Kitchen,2025-01-08,220
P072,Kitchen,2025-01-09,239
P072,Kitchen,2025-01-10,239
P072,Kitchen,2025-01-13,202
P072,Kitchen,2025-01-18,214
P072,Kitchen,2025-01-21,212
P072,Kitchen,2025-01-26,155
P072,Kitchen,2025-01-27,155
P072,Kitchen,2025-01-28,155
P072,Kitchen,2025-01-29,155
P072,Kitchen,2025-01-31,155
P072,Kitchen,2025-02-01,155
P072,Kitchen,2025-02-04,154
P072,Kitchen,2025-02-05,199
P072,Kitchen,2025-02-06,174
P072,Kitchen,2025-02-08,174
P072,Kitchen,2025-02-09,174
P072,Kitchen,2025-02-11,199
P072,Kitchen,2025-02-13,173
P072,Kitchen,2025-02-16,149
P072,Kitchen,2025-02-21,149
P072,Kitchen,2025-02-22,138
P072,Kitchen,2025-02-27,139
P072,Kitchen,2025-03-01,139
P072,Kitchen,2025-03-03,122
P072,Kitchen,2025-03-04,139
P072,Kitchen,2025-03-06,122
P072,Kitchen,2025-03-09,137
P072,Kitchen,2025-03-13,137
P072,Kitchen,2025-03-15,137
P072,Kitchen,2025-03-21,147
P072,Kitchen,2025-03-22,147
P072,Kitchen,2025-03-25,147
P072,Kitchen,2025-03-28,147
P072,Kitchen,2025-03-29,147
P072,Kitchen,2025-03-30,392
P073,Kitchen,2024-11-12,399
P073,Kitchen,2024-11-16,399
P073,Kitchen,2024-11-17,399
P073,Kitchen,2024-11-21,420
P073,Kitchen,2024-11-23,420
P073,Kitchen,2024-11-24,420
P073,Kitchen,2024-11-30,420
P073,Kitchen,2024-12-02,420
P073,Kitchen,2024-12-13,415
P073,Kitchen,2024-12-23,415
P073,Kitchen,2024-12-24,420
P073,Kitchen,2025-01-21,420
P073,Kitchen,2025-01-29,374
P073,Kitchen,2025-02-02,374
P073,Kitchen,2025-02-05,390
P073,Kitchen,2025-02-06,349
P073,Kitchen,2025-02-11,299
P073,Kitchen,2025-02-12,274
P073,Kitchen,2025-02-15,352
P073,Kitchen,2025-02-16,352
P073,Kitchen,2025-02-17,349
P073,Kitchen,2025-02-22,340
P073,Kitchen,2025-02-23,340
P073,Kitchen,2025-02-24,369
P073,Kitchen,2025-02-27,353
P073,Kitchen,2025-03-01,366
P073,Kitchen,2025-03-03,351
P073,Kitchen,2025-03-04,351
P073,Kitchen,2025-03-09,351
P073,Kitchen,2025-03-11,351
P073,Kitchen,2025-03-12,351
P073,Kitchen,2025-03-13,292
P073,Kitchen,2025-03-14,292
P073,Kitchen,2025-03-15,351
P073,Kitchen,2025-03-17,351
P073,Kitchen,2025-03-18,358
P073,Kitchen,2025-03-19,351
P073,Kitchen,2025-03-20,351
P073,Kitchen,2025-03-22,357
P073,Kitchen,2025-03-23,332
P073,Kitchen,2025-03-25,351
P073,Kitchen,2025-03-26,357
P073,Kitchen,2025-03-27,351
P073,Kitchen,2025-03-30,348
P074,Kitchen,2024-12-24,11998
P074,Kitchen,2024-12-25,11998
P074,Kitchen,2024-12-26,11998
P074,Kitchen,2024-12-27,11998
P074,Kitchen,2024-12-28,11998
P074,Kitchen,2024-12-29,11998
P074,Kitchen,2024-12-30,11998
P074,Kitchen,2024-12-31,11998
P074,Kitchen,2025-01-01,11998
P074,Kitchen,2025-01-02,11998
P074,Kitchen,2025-01-03,11998
P074,Kitchen,2025-01-04,11998
P074,Kitchen,2025-01-05,11998
P074,Kitchen,2025-01-06,11998
P074,Kitchen,2025-01-07,11998
P074,Kitchen,2025-01-08,11998
P074,Kitchen,2025-01-09,11998
P074,Kitchen,2025-01-10,11998
P074,Kitchen,2025-01-11,11998
P074,Kitchen,2025-01-13,11998
P074,Kitchen,2025-01-14,11998
P074,Kitchen,2025-01-15,11998
P074,Kitchen,2025-01-16,11998
P074,Kitchen,2025-01-18,11998
P074,Kitchen,2025-01-19,11998
P074,Kitchen,2025-01-20,11998
P074,Kitchen,2025-01-24,11998
P074,Kitchen,2025-01-30,11998
P074,Kitchen,2025-02-01,11998
P074,Kitchen,2025-02-02,11998
P074,Kitchen,2025-02-08,11998
P074,Kitchen,2025-02-17,11998
P074,Kitchen,2025-02-20,11998
P074,Kitchen,2025-02-21,11998
P074,Kitchen,2025-03-07,11998
P074,Kitchen,2025-03-21,11998
P074,Kitchen,2025-03-23,11998
P074,Kitchen,2025-03-26,11998
P074,Kitchen,2025-03-27,11998
P074,Kitchen,2025-03-28,11998
P074,Kitchen,2025-03-29,11998
P075,Kitchen,2024-11-28,284
P075,Kitchen,2024-12-03,284
P075,Kitchen,2024-12-15,284
P075,Kitchen,2024-12-18,284
P075,Kitchen,2024-12-19,284
P075,Kitchen,2024-12-20,284
P075,Kitchen,2024-12-21,259
P075,Kitchen,2024-12-23,259
P075,Kitchen,2024-12-25,259
P075,Kitchen,2024-12-27,259
P075,Kitchen,2024-12-28,259
P075,Kitchen,2024-12-29,259
P075,Kitchen,2025-01-01,259
P075,Kitchen,2025-01-06,284
P075,Kitchen,2025-01-07,259
P075,Kitchen,2025-01-09,284
P075,Kitchen,2025-01-10,284
P075,Kitchen,2025-01-11,266
P075,Kitchen,2025-01-13,284
P075,Kitchen,2025-01-14,266
P075,Kitchen,2025-01-15,266
P075,Kitchen,2025-01-16,284
P075,Kitchen,2025-01-17,259
P075,Kitchen,2025-01-18,284
P075,Kitchen,2025-01-21,284
P075,Kitchen,2025-01-24,284
P075,Kitchen,2025-01-26,259
P075,Kitchen,2025-02-04,259
P075,Kitchen,2025-02-08,259
P075,Kitchen,2025-02-09,259
P075,Kitchen,2025-02-11,259
P075,Kitchen,2025-02-12,262
P075,Kitchen,2025-02-18,262
P075,Kitchen,2025-02-19,262
P075,Kitchen,2025-02-22,262
P075,Kitchen,2025-02-25,262
P075,Kitchen,2025-02-26,284
P075,Kitchen,2025-03-04,243
P075,Kitchen,2025-03-05,240
P075,Kitchen,2025-03-06,240
P075,Kitchen,2025-03-10,257
P075,Kitchen,2025-03-13,257
P075,Kitchen,2025-03-14,250
P075,Kitchen,2025-03-15,250
P075,Kitchen,2025-03-19,250
P075,Kitchen,2025-03-20,250
P075,Kitchen,2025-03-22,250
P075,Kitchen,2025-03-23,250
P075,Kitchen,2025-03-26,250
P075,Kitchen,2025-03-27,250
P075,Kitchen,2025-03-28,250
P075,Kitchen,2025-03-29,250
P076,Kitchen,2024-09-27,407
P076,Kitchen,2024-10-02,385
P076,Kitchen,2024-10-03,385
P076,Kitchen,2024-10-05,385
P076,Kitchen,2024-10-07,385
P076,Kitchen,2024-10-13,385
P076,Kitchen,2024-10-15,385
P076,Kitchen,2024-10-19,385
P076,Kitchen,2024-10-20,392
P076,Kitchen,2024-10-21,413
P076,Kitchen,2024-10-22,384
P076,Kitchen,2024-10-24,384
P076,Kitchen,2024-10-25,381
P076,Kitchen,2024-10-28,381
P076,Kitchen,2024-10-29,381
P076,Kitchen,2024-10-31,381
P076,Kitchen,2024-11-06,415
P076,Kitchen,2024-11-14,388
P076,Kitchen,2024-11-16,405
P076,Kitchen,2024-11-17,405
P076,Kitchen,2024-11-20,405
P076,Kitchen,2024-11-21,381
P076,Kitchen,2024-11-27,375
P076,Kitchen,2024-11-29,374
P076,Kitchen,2024-11-30,369
P076,Kitchen,2024-12-02,374
P076,Kitchen,2024-12-03,375
P076,Kitchen,2024-12-05,375
P076,Kitchen,2024-12-08,410
P076,Kitchen,2025-01-11,379
P076,Kitchen,2025-01-18,410
P076,Kitchen,2025-01-20,451
P076,Kitchen,2025-01-22,388
P076,Kitchen,2025-01-23,388
P076,Kitchen,2025-01-26,410
P076,Kitchen,2025-01-30,388
P076,Kitchen,2025-02-08,410
P076,Kitchen,2025-02-11,391
P076,Kitchen,2025-02-12,391
P076,Kitchen,2025-03-14,297
P076,Kitchen,2025-03-25,297
P076,Kitchen,2025-03-26,297
P077,Kitchen,2025-03-17,6370
P077,Kitchen,2025-03-18,6370
P077,Kitchen,2025-03-19,6370
P077,Kitchen,2025-03-20,6370
P077,Kitchen,2025-03-21,6370
P077,Kitchen,2025-03-22,6370
P077,Kitchen,2025-03-23,6370
P077,Kitchen,2025-03-24,6370
P077,Kitchen,2025-03-25,6370
P077,Kitchen,2025-03-26,6370
P077,Kitchen,2025-03-27,6370
P077,Kitchen,2025-03-28,6370
P077,Kitchen,2025-03-29,6370
P078,Kitchen,2025-02-25,3499
P078,Kitchen,2025-03-12,3491
P078,Kitchen,2025-03-15,3491
P078,Kitchen,2025-03-17,3491
P078,Kitchen,2025-03-19,3301
P079,Kitchen,2024-09-17,13237
P079,Kitchen,2024-09-19,13237
P079,Kitchen,2024-09-22,13237
P079,Kitchen,2024-09-24,13237
P079,Kitchen,2024-09-25,13237
P079,Kitchen,2024-09-26,13237
P079,Kitchen,2024-09-27,13237
P079,Kitchen,2024-09-28,13237
P079,Kitchen,2024-10-01,13237
P079,Kitchen,2024-10-03,13237
P079,Kitchen,2024-10-04,13237
P079,Kitchen,2024-10-09,13237
P079,Kitchen,2024-10-10,13237
P079,Kitchen,2024-10-17,13237
P079,Kitchen,2024-10-19,13237
P079,Kitchen,2024-10-25,13237
P079,Kitchen,2024-10-26,13237
P079,Kitchen,2024-10-31,13237
P079,Kitchen,2024-11-06,13237
P079,Kitchen,2024-11-08,13597
P079,Kitchen,2024-11-10,13597
P079,Kitchen,2024-11-11,13597
P079,Kitchen,2024-11-12,13597
P079,Kitchen,2024-11-20,13597
P079,Kitchen,2024-11-21,13589
P079,Kitchen,2024-11-22,13589
P079,Kitchen,2024-11-26,13589
P079,Kitchen,2024-11-29,13404
P079,Kitchen,2024-12-04,13404
P079,Kitchen,2024-12-06,13404
P079,Kitchen,2024-12-08,13404
P079,Kitchen,2024-12-09,13404
P079,Kitchen,2024-12-10,13404
P079,Kitchen,2024-12-17,13404
P079,Kitchen,2024-12-18,13404
P079,Kitchen,2024-12-21,13404
P079,Kitchen,2024-12-27,13404
P079,Kitchen,2024-12-30,13404
P079,Kitchen,2025-01-03,13404
P079,Kitchen,2025-01-04,13404
P079,Kitchen,2025-01-08,13404
P079,Kitchen,2025-01-13,13404
P079,Kitchen,2025-01-14,13337
P079,Kitchen,2025-01-16,13337
P079,Kitchen,2025-01-18,13337
P079,Kitchen,2025-01-19,13337
P079,Kitchen,2025-01-20,13399
P079,Kitchen,2025-01-25,13399
P079,Kitchen,2025-01-29,13399
P079,Kitchen,2025-01-31,13399
P079,Kitchen,2025-02-04,13399
P079,Kitchen,2025-02-18,13289
P079,Kitchen,2025-02-21,13289
P079,Kitchen,2025-03-02,13289
P079,Kitchen,2025-03-03,13289
P079,Kitchen,2025-03-11,13289
P080,Kitchen,2024-11-11,12499
P080,Kitchen,2024-11-14,12499
P080,Kitchen,2025-01-01,12997
P080,Kitchen,2025-01-18,12997
P080,Kitchen,2025-03-17,12754
P081,Kitchen,2024-10-23,899
P081,Kitchen,2024-10-25,899
P081,Kitchen,2024-10-26,899
P081,Kitchen,2024-10-28,899
P081,Kitchen,2024-11-03,899
P081,Kitchen,2024-11-04,899
P081,Kitchen,2024-11-08,899
P081,Kitchen,2024-11-10,899
P081,Kitchen,2024-11-11,899
P081,Kitchen,2024-11-12,899
P081,Kitchen,2024-11-15,899
P081,Kitchen,2024-11-16,899
P081,Kitchen,2024-11-17,872
P081,Kitchen,2024-11-19,872
P081,Kitchen,2024-11-20,872
P081,Kitchen,2024-11-22,899
P081,Kitchen,2024-11-24,899
P081,Kitchen,2024-11-26,899
P081,Kitchen,2024-11-27,899
P081,Kitchen,2024-11-30,817
P081,Kitchen,2024-12-01,817
P081,Kitchen,2024-12-02,860
P081,Kitchen,2024-12-03,817
P081,Kitchen,2024-12-04,817
P081,Kitchen,2024-12-08,817
P081,Kitchen,2024-12-13,817
P081,Kitchen,2024-12-15,817
P081,Kitchen,2024-12-18,817
P081,Kitchen,2024-12-19,860
P081,Kitchen,2024-12-20,860
P081,Kitchen,2024-12-23,860
P081,Kitchen,2024-12-24,860
P081,Kitchen,2024-12-25,860
P081,Kitchen,2024-12-28,899
P081,Kitchen,2025-01-08,889
P081,Kitchen,2025-01-11,889
P081,Kitchen,2025-01-12,889
P081,Kitchen,2025-01-13,889
P081,Kitchen,2025-01-14,889
P081,Kitchen,2025-01-16,889
P081,Kitchen,2025-01-17,889
P081,Kitchen,2025-01-18,889
P081,Kitchen,2025-01-19,889
P081,Kitchen,2025-01-20,889
P081,Kitchen,2025-01-21,889
P081,Kitchen,2025-01-28,889
P081,Kitchen,2025-01-29,889
P081,Kitchen,2025-01-30,889
P081,Kitchen,2025-02-01,800
P081,Kitchen,2025-02-02,889
P081,Kitchen,2025-02-03,889
P081,Kitchen,2025-02-06,889
P081,Kitchen,2025-02-09,889
P081,Kitchen,2025-02-12,889
P081,Kitchen,2025-02-13,889
P081,Kitchen,2025-02-14,889
P081,Kitchen,2025-02-16,889
P081,Kitchen,2025-02-18,889
P081,Kitchen,2025-02-19,889
P081,Kitchen,2025-02-20,889
P081,Kitchen,2025-02-21,889
P081,Kitchen,2025-02-23,816
P081,Kitchen,2025-02-25,816
P081,Kitchen,2025-02-26,816
P081,Kitchen,2025-02-27,816
P081,Kitchen,2025-02-28,816
P081,Kitchen,2025-03-01,816
P081,Kitchen,2025-03-02,816
P081,Kitchen,2025-03-03,816
P081,Kitchen,2025-03-04,816
P081,Kitchen,2025-03-06,797
P081,Kitchen,2025-03-07,797
P081,Kitchen,2025-03-08,797
P081,Kitchen,2025-03-10,797
P081,Kitchen,2025-03-11,816
P081,Kitchen,2025-03-12,822
P081,Kitchen,2025-03-13,822
P081,Kitchen,2025-03-14,816
P081,Kitchen,2025-03-20,822
P081,Kitchen,2025-03-21,822
P081,Kitchen,2025-03-24,822
P081,Kitchen,2025-03-25,822
P081,Kitchen,2025-03-26,822
P081,Kitchen,2025-03-27,822
P081,Kitchen,2025-03-28,822
P082,Kitchen,2023-09-18,3399  
P082,Kitchen,2023-09-21,3399  
P082,Kitchen,2023-09-23,3399  
P082,Kitchen,2023-10-03,3569  
P082,Kitchen,2023-10-08,3569  
P082,Kitchen,2023-10-11,3599  
P082,Kitchen,2023-11-06,3759  
P082,Kitchen,2023-12-02,3759  
P082,Kitchen,2024-03-02,3759  
P082,Kitchen,2024-07-19,2799  
P082,Kitchen,2024-09-19,2949  
P082,Kitchen,2024-09-20,2949  
P082,Kitchen,2024-09-27,2809  
P082,Kitchen,2024-10-03,2809  
P082,Kitchen,2024-10-27,1899  
P082,Kitchen,2025-01-21,2849  
P082,Kitchen,2025-02-27,2849  
P082,Kitchen,2025-03-05,2639  
P083,Kitchen,2024-11-10,3499  
P083,Kitchen,2024-11-11,3499  
P083,Kitchen,2024-11-12,3499  
P083,Kitchen,2024-11-14,3499  
P083,Kitchen,2024-11-15,3499  
P083,Kitchen,2024-11-16,3499  
P083,Kitchen,2024-11-17,3499  
P083,Kitchen,2024-11-19,3499  
P083,Kitchen,2024-11-20,3499  
P083,Kitchen,2024-11-21,3499  
P083,Kitchen,2024-11-22,3499  
P083,Kitchen,2024-11-23,3499  
P083,Kitchen,2024-11-24,3499  
P083,Kitchen,2024-11-25,3499  
P083,Kitchen,2024-11-26,3499  
P083,Kitchen,2024-11-27,3499  
P083,Kitchen,2024-11-28,3499  
P083,Kitchen,2024-11-29,3499  
P083,Kitchen,2024-11-30,3499  
P083,Kitchen,2024-12-01,3499  
P083,Kitchen,2024-12-02,3499  
P083,Kitchen,2024-12-03,3499  
P083,Kitchen,2024-12-04,3499  
P083,Kitchen,2024-12-05,3499  
P083,Kitchen,2024-12-06,3499  
P083,Kitchen,2024-12-07,3499  
P083,Kitchen,2024-12-08,3499  
P083,Kitchen,2024-12-09,3499  
P083,Kitchen,2024-12-10,3499  
P083,Kitchen,2024-12-11,3499  
P083,Kitchen,2024-12-12,3499  
P083,Kitchen,2024-12-13,3499  
P083,Kitchen,2024-12-14,3499  
P083,Kitchen,2024-12-15,3499  
P083,Kitchen,2024-12-16,3499  
P083,Kitchen,2024-12-17,3499  
P083,Kitchen,2024-12-18,3499  
P083,Kitchen,2024-12-19,3499  
P083,Kitchen,2024-12-20,3499  
P083,Kitchen,2024-12-21,3499  
P083,Kitchen,2024-12-22,3499  
P083,Kitchen,2024-12-23,3499  
P083,Kitchen,2024-12-24,3499  
P083,Kitchen,2024-12-25,3499  
P083,Kitchen,2024-12-26,3499  
P083,Kitchen,2024-12-27,3499  
P083,Kitchen,2024-12-28,3499  
P083,Kitchen,2024-12-29,3499  
P083,Kitchen,2024-12-30,3499  
P083,Kitchen,2024-12-31,3499  
P083,Kitchen,2025-01-01,3499  
P083,Kitchen,2025-01-02,3499  
P083,Kitchen,2025-01-08,3499  
P083,Kitchen,2025-01-12,3499  
P083,Kitchen,2025-01-15,3499  
P083,Kitchen,2025-01-16,3499  
P083,Kitchen,2025-01-17,3499  
P083,Kitchen,2025-01-18,3499  
P083,Kitchen,2025-01-19,3499  
P083,Kitchen,2025-01-20,3499  
P083,Kitchen,2025-01-21,3499  
P083,Kitchen,2025-01-23,3499  
P083,Kitchen,2025-01-24,3499  
P083,Kitchen,2025-01-30,3499  
P083,Kitchen,2025-02-04,3499  
P083,Kitchen,2025-02-05,3499  
P083,Kitchen,2025-02-06,3499  
P083,Kitchen,2025-02-07,3499  
P083,Kitchen,2025-02-08,3499  
P083,Kitchen,2025-02-10,3499  
P083,Kitchen,2025-02-12,3499  
P083,Kitchen,2025-02-13,3499  
P083,Kitchen,2025-02-14,3499  
P083,Kitchen,2025-02-15,3499  
P083,Kitchen,2025-02-16,3499  
P083,Kitchen,2025-02-17,3499  
P083,Kitchen,2025-02-18,3499  
P083,Kitchen,2025-02-19,3499  
P083,Kitchen,2025-02-20,3499  
P083,Kitchen,2025-02-21,3499  
P083,Kitchen,2025-02-22,3499  
P083,Kitchen,2025-02-23,3499  
P083,Kitchen,2025-02-24,3499  
P083,Kitchen,2025-02-25,3499  
P083,Kitchen,2025-02-26,3499  
P083,Kitchen,2025-02-27,3499  
P083,Kitchen,2025-02-28,3499  
P083,Kitchen,2025-03-01,3499  
P083,Kitchen,2025-03-02,3499  
P083,Kitchen,2025-03-03,3499  
P083,Kitchen,2025-03-04,3499  
P083,Kitchen,2025-03-05,3499  
P083,Kitchen,2025-03-06,3499  
P083,Kitchen,2025-03-07,3499  
P083,Kitchen,2025-03-08,3499  
P083,Kitchen,2025-03-09,3499  
P083,Kitchen,2025-03-10,3499  
P083,Kitchen,2025-03-11,3499  
P083,Kitchen,2025-03-12,3499  
P083,Kitchen,2025-03-13,3499  
P083,Kitchen,2025-03-15,3499  
P083,Kitchen,2025-03-16,3499  
P083,Kitchen,2025-03-17,3499  
P083,Kitchen,2025-03-18,3799  
P083,Kitchen,2025-03-19,3801  
P083,Kitchen,2025-03-20,3498  
P083,Kitchen,2025-03-21,3499  
P083,Kitchen,2025-03-22,3497  
P083,Kitchen,2025-03-24,3498  
P083,Kitchen,2025-03-25,3498  
P083,Kitchen,2025-03-26,3498  
P083,Kitchen,2025-03-27,3498  
P083,Kitchen,2025-03-28,3498  
P083,Kitchen,2025-03-29,3498  
P084,Kitchen,2024-10-09,387  
P084,Kitchen,2024-10-21,387  
P084,Kitchen,2024-11-19,387  
P084,Kitchen,2024-11-30,387  
P084,Kitchen,2024-12-14,555  
P084,Kitchen,2024-12-22,555  
P084,Kitchen,2024-12-24,555  
P084,Kitchen,2025-01-09,555  
P084,Kitchen,2025-01-20,554  
P084,Kitchen,2025-02-21,501  
P084,Kitchen,2025-03-09,442  
P084,Kitchen,2025-03-23,442  
P084,Kitchen,2025-03-26,442  
P085,Kitchen,2025-03-17,149  
P085,Kitchen,2025-03-18,149  
P085,Kitchen,2025-03-19,149  
P085,Kitchen,2025-03-20,149  
P085,Kitchen,2025-03-21,149  
P085,Kitchen,2025-03-22,149  
P085,Kitchen,2025-03-23,149  
P085,Kitchen,2025-03-24,149  
P085,Kitchen,2025-03-25,149  
P085,Kitchen,2025-03-26,149  
P085,Kitchen,2025-03-27,149  
P086,Kitchen,2025-01-29,284
P086,Kitchen,2025-01-30,261
P086,Kitchen,2025-01-31,254
P086,Kitchen,2025-02-01,259
P086,Kitchen,2025-02-04,274
P086,Kitchen,2025-02-05,274
P086,Kitchen,2025-02-06,299
P086,Kitchen,2025-02-07,299
P086,Kitchen,2025-02-10,270
P086,Kitchen,2025-02-11,295
P086,Kitchen,2025-02-12,270
P086,Kitchen,2025-02-14,277
P086,Kitchen,2025-02-15,329
P086,Kitchen,2025-02-16,329
P086,Kitchen,2025-02-18,329
P086,Kitchen,2025-02-19,329
P086,Kitchen,2025-02-21,329
P086,Kitchen,2025-02-27,275
P086,Kitchen,2025-03-01,280
P086,Kitchen,2025-03-02,245
P086,Kitchen,2025-03-11,274
P086,Kitchen,2025-03-12,274
P086,Kitchen,2025-03-13,264
P086,Kitchen,2025-03-15,264
P086,Kitchen,2025-03-17,222
P086,Kitchen,2025-03-18,260
P086,Kitchen,2025-03-19,260
P086,Kitchen,2025-03-22,295
P087,Kitchen,2024-10-01,448
P087,Kitchen,2024-10-02,448
P087,Kitchen,2024-10-03,448
P087,Kitchen,2024-10-04,448
P087,Kitchen,2024-10-05,448
P087,Kitchen,2024-10-11,448
P087,Kitchen,2024-10-15,448
P087,Kitchen,2024-10-16,448
P087,Kitchen,2024-10-17,448
P087,Kitchen,2024-10-20,448
P087,Kitchen,2024-10-26,448
P087,Kitchen,2024-10-27,448
P087,Kitchen,2024-12-21,449
P087,Kitchen,2024-12-22,449
P087,Kitchen,2025-02-03,419
P087,Kitchen,2025-02-06,419
P087,Kitchen,2025-02-15,419
P087,Kitchen,2025-02-16,419
P087,Kitchen,2025-02-18,419
P087,Kitchen,2025-02-27,419
P087,Kitchen,2025-03-05,419
P087,Kitchen,2025-03-15,369
P087,Kitchen,2025-03-17,369
P087,Kitchen,2025-03-18,419
P087,Kitchen,2025-03-19,532
P087,Kitchen,2025-03-26,369
P087,Kitchen,2025-03-28,370
P088,Kitchen,2025-01-18,4999
P088,Kitchen,2025-01-20,4590
P088,Kitchen,2025-01-27,4199
P088,Kitchen,2025-01-28,4199
P088,Kitchen,2025-01-29,4199
P088,Kitchen,2025-01-30,4199
P088,Kitchen,2025-01-31,4199
P088,Kitchen,2025-02-01,4199
P088,Kitchen,2025-02-02,4199
P088,Kitchen,2025-02-03,4199
P088,Kitchen,2025-02-04,4199
P088,Kitchen,2025-02-05,4199
P088,Kitchen,2025-02-06,4199
P088,Kitchen,2025-02-07,4199
P088,Kitchen,2025-02-10,4199
P088,Kitchen,2025-02-11,4199
P088,Kitchen,2025-02-13,4199
P088,Kitchen,2025-02-16,4199
P088,Kitchen,2025-02-17,4199
P088,Kitchen,2025-02-27,4199
P088,Kitchen,2025-02-28,4199
P088,Kitchen,2025-03-01,4199
P088,Kitchen,2025-03-02,4199
P088,Kitchen,2025-03-03,4549
P088,Kitchen,2025-03-04,4249
P088,Kitchen,2025-03-05,4249
P088,Kitchen,2025-03-06,4249
P088,Kitchen,2025-03-07,4249
P088,Kitchen,2025-03-08,4099
P088,Kitchen,2025-03-10,4099
P088,Kitchen,2025-03-11,4099
P088,Kitchen,2025-03-12,4099
P088,Kitchen,2025-03-13,4099
P088,Kitchen,2025-03-22,4099
P088,Kitchen,2025-03-23,4099
P088,Kitchen,2025-03-24,4099
P088,Kitchen,2025-03-25,4099
P088,Kitchen,2025-03-26,4099
P088,Kitchen,2025-03-27,4099
P088,Kitchen,2025-03-28,4099
P089,Kitchen,2024-12-12,3360
P089,Kitchen,2024-12-15,3360
P089,Kitchen,2024-12-18,3360
P089,Kitchen,2024-12-20,3360
P089,Kitchen,2024-12-21,3360
P089,Kitchen,2024-12-23,3360
P089,Kitchen,2024-12-24,3360
P089,Kitchen,2024-12-27,3360
P089,Kitchen,2024-12-28,3360
P089,Kitchen,2024-12-31,3360
P089,Kitchen,2025-01-09,3360
P089,Kitchen,2025-01-10,3360
P089,Kitchen,2025-01-11,3360
P089,Kitchen,2025-01-12,3360
P089,Kitchen,2025-01-13,3360
P089,Kitchen,2025-01-14,3360
P089,Kitchen,2025-01-15,3360
P089,Kitchen,2025-01-16,3360
P089,Kitchen,2025-01-17,3360
P089,Kitchen,2025-01-19,3360
P089,Kitchen,2025-01-20,3360
P089,Kitchen,2025-01-22,3360
P089,Kitchen,2025-01-24,3360
P089,Kitchen,2025-01-25,3360
P089,Kitchen,2025-01-26,3360
P089,Kitchen,2025-01-28,3360
P089,Kitchen,2025-01-30,3360
P089,Kitchen,2025-01-31,3360
P089,Kitchen,2025-02-02,3360
P089,Kitchen,2025-02-03,3360
P089,Kitchen,2025-02-04,3360
P089,Kitchen,2025-02-05,3360
P089,Kitchen,2025-02-06,3360
P089,Kitchen,2025-02-07,3360
P089,Kitchen,2025-02-08,3360
P089,Kitchen,2025-02-09,3360
P089,Kitchen,2025-02-10,3360
P089,Kitchen,2025-02-11,3360
P089,Kitchen,2025-02-13,3360
P089,Kitchen,2025-02-16,3360
P089,Kitchen,2025-02-19,3360
P089,Kitchen,2025-02-20,3360
P089,Kitchen,2025-02-21,3360
P089,Kitchen,2025-02-24,3360
P089,Kitchen,2025-02-25,3360
P089,Kitchen,2025-02-27,3360
P089,Kitchen,2025-02-28,3360
P089,Kitchen,2025-03-03,3360
P089,Kitchen,2025-03-04,3360
P089,Kitchen,2025-03-05,3360
P089,Kitchen,2025-03-07,3360
P089,Kitchen,2025-03-08,3360
P089,Kitchen,2025-03-09,3360
P089,Kitchen,2025-03-10,3360
P089,Kitchen,2025-03-11,3360
P089,Kitchen,2025-03-12,3360
P089,Kitchen,2025-03-16,3360
P089,Kitchen,2025-03-17,3360
P089,Kitchen,2025-03-18,3360
P089,Kitchen,2025-03-19,3360
P089,Kitchen,2025-03-22,3360
P089,Kitchen,2025-03-24,3360
P089,Kitchen,2025-03-25,3360
P089,Kitchen,2025-03-26,3360
P089,Kitchen,2025-03-27,3360
P090,Kitchen,2024-11-04,185
P090,Kitchen,2024-11-06,185
P090,Kitchen,2024-11-08,185
P090,Kitchen,2024-11-13,185
P090,Kitchen,2024-11-14,185
P090,Kitchen,2024-11-15,185
P090,Kitchen,2024-11-17,185
P090,Kitchen,2024-11-18,185
P090,Kitchen,2024-11-19,175
P090,Kitchen,2024-11-20,169
P090,Kitchen,2024-11-21,169
P090,Kitchen,2024-11-22,160
P090,Kitchen,2024-11-23,169
P090,Kitchen,2024-11-25,160
P090,Kitchen,2024-11-26,169
P090,Kitchen,2024-11-28,160
P090,Kitchen,2024-11-29,160
P090,Kitchen,2024-12-04,169
P090,Kitchen,2024-12-06,169
P090,Kitchen,2024-12-08,169
P090,Kitchen,2024-12-09,169
P090,Kitchen,2024-12-10,169
P090,Kitchen,2024-12-11,169
P090,Kitchen,2024-12-12,169
P090,Kitchen,2024-12-14,169
P090,Kitchen,2024-12-15,169
P090,Kitchen,2024-12-16,169
P090,Kitchen,2024-12-18,169
P090,Kitchen,2024-12-19,169
P090,Kitchen,2024-12-20,169
P090,Kitchen,2024-12-21,169
P090,Kitchen,2024-12-22,169
P090,Kitchen,2024-12-24,169
P090,Kitchen,2024-12-25,144
P090,Kitchen,2024-12-26,169
P090,Kitchen,2024-12-28,143
P090,Kitchen,2024-12-30,143
P090,Kitchen,2025-01-01,168
P090,Kitchen,2025-01-04,143
P090,Kitchen,2025-01-06,143
P090,Kitchen,2025-01-07,143
P090,Kitchen,2025-01-08,168
P090,Kitchen,2025-01-09,168
P090,Kitchen,2025-01-10,168
P090,Kitchen,2025-01-11,168
P090,Kitchen,2025-01-12,168
P090,Kitchen,2025-01-13,145
P090,Kitchen,2025-01-14,168
P090,Kitchen,2025-01-15,145
P090,Kitchen,2025-01-17,145
P090,Kitchen,2025-01-19,145
P090,Kitchen,2025-01-21,168
P090,Kitchen,2025-01-22,145
P090,Kitchen,2025-01-23,145
P090,Kitchen,2025-01-24,168
P090,Kitchen,2025-01-25,145
P090,Kitchen,2025-01-26,145
P090,Kitchen,2025-01-27,145
P090,Kitchen,2025-01-28,168
P090,Kitchen,2025-01-29,145
P090,Kitchen,2025-01-31,145
P090,Kitchen,2025-02-02,145
P090,Kitchen,2025-02-03,145
P090,Kitchen,2025-02-04,145
P090,Kitchen,2025-02-05,145
P090,Kitchen,2025-02-06,130
P090,Kitchen,2025-02-07,155
P090,Kitchen,2025-02-08,132
P090,Kitchen,2025-02-09,132
P090,Kitchen,2025-02-10,132
P090,Kitchen,2025-02-11,132
P090,Kitchen,2025-02-12,157
P090,Kitchen,2025-02-13,157
P090,Kitchen,2025-02-14,134
P090,Kitchen,2025-02-15,120
P090,Kitchen,2025-02-16,120
P090,Kitchen,2025-02-17,110
P090,Kitchen,2025-02-18,110
P090,Kitchen,2025-02-19,110
P090,Kitchen,2025-02-20,110
P090,Kitchen,2025-02-21,110
P090,Kitchen,2025-02-22,110
P090,Kitchen,2025-02-23,110
P090,Kitchen,2025-02-24,110
P090,Kitchen,2025-02-25,110
P090,Kitchen,2025-02-26,109
P090,Kitchen,2025-02-27,109
P090,Kitchen,2025-02-28,109
P090,Kitchen,2025-03-01,109
P090,Kitchen,2025-03-03,94
P090,Kitchen,2025-03-04,90
P090,Kitchen,2025-03-05,92
P090,Kitchen,2025-03-07,92
P090,Kitchen,2025-03-09,92
P090,Kitchen,2025-03-11,109
P090,Kitchen,2025-03-12,109
P090,Kitchen,2025-03-13,109
P090,Kitchen,2025-03-15,109
P090,Kitchen,2025-03-17,109
P090,Kitchen,2025-03-18,109
P090,Kitchen,2025-03-19,109
P090,Kitchen,2025-03-20,109
P090,Kitchen,2025-03-21,109
P090,Kitchen,2025-03-22,109
P090,Kitchen,2025-03-24,109
P090,Kitchen,2025-03-25,109
P090,Kitchen,2025-03-26,109
P090,Kitchen,2025-03-27,109
P091,Kitchen,2024-12-06,1455  
P091,Kitchen,2024-12-07,1455  
P092,Kitchen,2024-10-25,549
P092,Kitchen,2024-10-29,549
P092,Kitchen,2024-11-04,549
P092,Kitchen,2024-11-06,549
P092,Kitchen,2024-11-07,549
P092,Kitchen,2024-11-11,549
P092,Kitchen,2024-11-20,549
P092,Kitchen,2024-11-26,549
P092,Kitchen,2024-11-29,549
P092,Kitchen,2024-12-04,549
P092,Kitchen,2024-12-08,549
P092,Kitchen,2024-12-09,549
P092,Kitchen,2024-12-13,549
P092,Kitchen,2024-12-14,549
P092,Kitchen,2024-12-16,549
P092,Kitchen,2024-12-18,549
P092,Kitchen,2024-12-22,549
P092,Kitchen,2025-01-02,599
P092,Kitchen,2025-01-06,599
P092,Kitchen,2025-01-07,599
P092,Kitchen,2025-01-09,599
P092,Kitchen,2025-01-15,599
P092,Kitchen,2025-01-19,599
P092,Kitchen,2025-01-21,595
P092,Kitchen,2025-01-23,595
P092,Kitchen,2025-01-24,595
P092,Kitchen,2025-01-28,595
P092,Kitchen,2025-01-30,595
P092,Kitchen,2025-02-05,583
P092,Kitchen,2025-02-10,524
P092,Kitchen,2025-02-12,524
P092,Kitchen,2025-02-16,524
P092,Kitchen,2025-02-20,524
P092,Kitchen,2025-02-23,583
P092,Kitchen,2025-02-27,587
P092,Kitchen,2025-03-01,531
P092,Kitchen,2025-03-06,531
P092,Kitchen,2025-03-14,531
P092,Kitchen,2025-03-25,458
P093,Kitchen,2025-03-17,498
P093,Kitchen,2025-03-18,498
P093,Kitchen,2025-03-19,498
P093,Kitchen,2025-03-20,498
P093,Kitchen,2025-03-21,498
P093,Kitchen,2025-03-22,498
P093,Kitchen,2025-03-23,498
P093,Kitchen,2025-03-24,498
P093,Kitchen,2025-03-25,498
P093,Kitchen,2025-03-26,498
P093,Kitchen,2025-03-27,498
P094,Kitchen,2025-03-17,2905
P094,Kitchen,2025-03-18,2905
P094,Kitchen,2025-03-19,2905
P094,Kitchen,2025-03-20,2905
P094,Kitchen,2025-03-21,2905
P094,Kitchen,2025-03-22,2905
P094,Kitchen,2025-03-23,2905
P094,Kitchen,2025-03-24,2905
P094,Kitchen,2025-03-25,2905
P094,Kitchen,2025-03-26,2905
P095,Kitchen,2024-10-10,335
P095,Kitchen,2024-10-11,335
P095,Kitchen,2024-10-14,335
P095,Kitchen,2024-10-19,335
P095,Kitchen,2024-10-23,334
P095,Kitchen,2024-10-26,333
P095,Kitchen,2024-12-02,329
P096,Kitchen,2024-10-09,284
P096,Kitchen,2024-10-10,284
P096,Kitchen,2024-10-22,284
P096,Kitchen,2024-10-26,284
P096,Kitchen,2024-11-04,320
P096,Kitchen,2024-11-05,320
P096,Kitchen,2024-11-16,320
P096,Kitchen,2024-11-18,320
P096,Kitchen,2024-11-27,320
P096,Kitchen,2024-11-30,320
P096,Kitchen,2024-12-06,320
P096,Kitchen,2024-12-25,320
P096,Kitchen,2025-01-04,320
P096,Kitchen,2025-01-12,360
P096,Kitchen,2025-01-21,320
P096,Kitchen,2025-01-31,269
P096,Kitchen,2025-02-02,269
P096,Kitchen,2025-02-03,269
P096,Kitchen,2025-02-04,269
P096,Kitchen,2025-02-05,259
P096,Kitchen,2025-02-07,259
P096,Kitchen,2025-02-08,259
P096,Kitchen,2025-02-09,229
P096,Kitchen,2025-02-10,229
P096,Kitchen,2025-02-11,320
P096,Kitchen,2025-02-13,199
P096,Kitchen,2025-02-14,199
P096,Kitchen,2025-02-15,320
P096,Kitchen,2025-02-16,199
P096,Kitchen,2025-02-17,199
P096,Kitchen,2025-02-18,199
P096,Kitchen,2025-02-19,199
P096,Kitchen,2025-02-20,209
P096,Kitchen,2025-02-21,209
P096,Kitchen,2025-02-22,209
P096,Kitchen,2025-02-23,320
P096,Kitchen,2025-02-24,225
P096,Kitchen,2025-02-25,225
P096,Kitchen,2025-02-26,225
P096,Kitchen,2025-02-27,239
P096,Kitchen,2025-02-28,239
P096,Kitchen,2025-03-01,239
P096,Kitchen,2025-03-02,239
P096,Kitchen,2025-03-03,245
P096,Kitchen,2025-03-04,249
P096,Kitchen,2025-03-05,249
P096,Kitchen,2025-03-06,259
P096,Kitchen,2025-03-07,259
P096,Kitchen,2025-03-08,259
P096,Kitchen,2025-03-09,259
P096,Kitchen,2025-03-10,259
P096,Kitchen,2025-03-11,259
P096,Kitchen,2025-03-12,259
P096,Kitchen,2025-03-13,259
P096,Kitchen,2025-03-14,259
P096,Kitchen,2025-03-15,259
P096,Kitchen,2025-03-16,259
P096,Kitchen,2025-03-17,259
P096,Kitchen,2025-03-18,259
P096,Kitchen,2025-03-19,269
P096,Kitchen,2025-03-20,269
P096,Kitchen,2025-03-21,269
P096,Kitchen,2025-03-22,269
P096,Kitchen,2025-03-23,269
P096,Kitchen,2025-03-24,269
P096,Kitchen,2025-03-25,279
P096,Kitchen,2025-03-26,313
P096,Kitchen,2025-03-27,279
P097,Kitchen,2024-10-01,2499
P097,Kitchen,2024-10-03,2474
P097,Kitchen,2024-10-07,2499
P097,Kitchen,2024-10-10,2499
P097,Kitchen,2024-10-14,2499
P097,Kitchen,2024-10-28,2499
P097,Kitchen,2024-10-29,2499
P097,Kitchen,2024-10-30,2499
P097,Kitchen,2024-11-01,2499
P097,Kitchen,2024-11-02,2499
P097,Kitchen,2024-11-06,2374
P097,Kitchen,2024-11-07,2374
P097,Kitchen,2024-11-09,2499
P097,Kitchen,2024-12-07,2499
P097,Kitchen,2024-12-15,2499
P097,Kitchen,2024-12-20,2499
P097,Kitchen,2025-02-09,2499
P098,Kitchen,2024-12-17,789
P098,Kitchen,2024-12-25,789
P098,Kitchen,2025-01-13,789
P098,Kitchen,2025-01-14,789
P098,Kitchen,2025-01-25,789
P098,Kitchen,2025-01-30,789
P098,Kitchen,2025-02-25,789
P098,Kitchen,2025-03-05,810
P098,Kitchen,2025-03-06,810
P098,Kitchen,2025-03-12,810
P098,Kitchen,2025-03-19,863
P098,Kitchen,2025-03-27,810
P099,Kitchen,2024-09-21,379
P099,Kitchen,2024-12-16,379
P099,Kitchen,2024-12-28,379
P099,Kitchen,2025-01-04,379
P099,Kitchen,2025-01-14,379
P099,Kitchen,2025-01-19,379
P099,Kitchen,2025-02-08,379
P099,Kitchen,2025-02-23,379
P099,Kitchen,2025-03-21,379
P100,Kitchen,2025-03-17,128
P100,Kitchen,2025-03-18,128
P100,Kitchen,2025-03-19,128
P100,Kitchen,2025-03-20,128
P100,Kitchen,2025-03-21,128
P100,Kitchen,2025-03-22,128
P100,Kitchen,2025-03-23,128
P100,Kitchen,2025-03-24,128
P100,Kitchen,2025-03-25,128
P101,Kitchen,2025-02-24,389
P101,Kitchen,2025-03-26,355
